0, -5, -4, 1, -2, -10, 0, 6, 11, 9, 5, -12, -18, 3, 3, -6, -2, -2, -1, -4, -1, 4, 3, -4, 2, 3, -4, 1, 1, -1, 1, 2, 2, -2, 1, -1, 1, -1, 1, -4, 1, 0, -5, 10, -10, 1, 0, -3, -2, 2, -4, -1, -3, -2, -3, 2, -2, -6, 4, 1, -1, -23, 3, 10, 6, 7, -4, -7, 1, -9, 1, -3, 3, -3, 1, 1, 3, -35, 28, 12, 26, 33, -89, 11, 5, 0, 2, 2, -4, 9, -1, 0, -3, 2, -1, -10, 35, 
0, 1, 2, 0, -4, -7, 6, 4, 3, 10, 2, -15, -13, 1, 0, 3, 4, -3, -8, 4, 0, -1, -1, 5, -6, -4, 2, 5, -5, -3, -2, 1, -2, 0, -4, 2, -2, -3, -1, -3, 2, -2, -1, -5, 0, -1, 4, -5, 0, -2, 1, 0, 2, -3, 4, -4, 0, 8, -2, 3, -3, 5, -31, 9, 5, 6, 1, -2, 0, 8, 0, -4, 2, 1, -2, -4, 3, -8, -38, 35, 1, 68, -28, -47, 7, 2, 1, -2, -1, -5, -3, 0, -1, -7, -13, 65, 39, 
-4, 0, 0, -1, -6, 9, 2, 1, 5, 5, 8, -12, -16, 7, -4, 9, -3, 4, -7, -2, 1, 5, 1, -2, 5, 0, 1, -2, 6, 0, 5, -4, 4, 4, 1, 3, -4, 8, -3, 7, 0, 9, -5, 8, -2, 0, 6, 6, -4, 3, 5, -5, 1, 4, -2, 2, 5, 0, 3, 4, -6, 9, -16, -10, 8, 0, 10, 2, -3, 5, 3, 0, 5, -2, 4, -2, -1, 7, -42, 14, 24, 11, 84, -97, -3, 6, -2, 4, 1, 0, 5, -2, -2, -9, 66, 9, -80, 
0, 2, 3, -4, -9, 7, -1, 2, -3, 7, 11, -7, -8, -2, 15, -9, 1, -2, -3, 4, -4, 2, -3, 1, -1, 2, 2, 3, -3, -2, -4, 1, 4, -4, 2, -6, 2, -4, -1, 4, 0, -1, 0, 2, -1, -5, 1, 8, -3, -2, 1, -2, 4, -5, -3, 1, -1, -1, -1, 2, 6, -6, -7, -19, 11, 1, 4, 4, 0, 1, 4, 0, -5, 0, -2, -3, 0, -2, 1, -52, 38, 1, 49, 9, -64, 8, 2, -2, 2, -4, -2, 4, -8, 77, 15, -71, 16, 
3, -1, 0, -10, 5, 5, 4, -8, 0, 16, 7, -20, -25, 6, -2, 3, 4, -2, -2, -2, 2, 2, 2, 1, 2, -6, 2, -3, 1, 3, 2, -1, -9, 9, -9, 1, 8, 8, -7, -4, -3, 0, 7, -9, 0, 2, -2, -1, 0, 2, 4, -6, -1, 1, 3, -3, -3, 6, -2, -4, 9, -2, -8, -5, 1, 9, 4, 1, 3, -4, -3, 2, 0, 2, -1, 2, -1, -1, 3, -32, -1, 31, 8, 82, -88, -12, 8, 5, 1, -5, -1, -16, 69, 3, -76, 3, -11, 
-6, 2, -5, 3, 10, 5, -3, -4, 4, 13, 12, -16, -2, 2, 0, 10, 0, 0, -7, 1, 2, -2, 6, -2, 4, 1, 4, -4, 1, 0, 4, -2, 6, -4, 3, -4, 3, 1, 3, -6, 0, -9, 1, 10, 0, -4, 5, -1, -5, 9, -7, 1, 3, 0, -3, 4, -2, -1, 7, 2, -1, -6, -4, -5, -1, 3, 4, 4, 1, -1, 6, -3, 0, 2, 0, 1, 4, 2, 7, 3, -65, 44, 1, 30, 67, -97, 12, 2, 3, 1, -17, 78, 15, -81, 9, -3, 9, 
1, 0, -1, 10, -1, 6, -4, -3, 4, 10, 10, -15, -22, 6, 4, -6, -5, 2, -1, -4, 4, 1, -6, -1, -2, 0, 2, 1, -7, 0, -3, 4, -5, -1, 7, -1, -1, -2, -1, 4, -3, 5, 1, -13, -5, 6, 4, 5, 3, 4, 3, -6, 4, -2, -2, -3, -2, 1, 3, -3, 0, 13, -14, -7, 6, 2, 1, -2, 4, -2, -1, 1, 4, -8, 7, 0, -1, 6, -2, 8, -22, -29, 41, 0, 69, -34, -44, 7, 0, -9, 75, 1, -77, -1, 7, 13, -1, 
0, -8, 19, -2, 1, -5, 4, -5, 3, 12, 5, -20, -13, 6, 3, -2, 6, -6, -1, -5, -1, 5, -2, 3, -1, -4, 0, -6, 2, 3, -1, -6, 2, -2, -1, -3, 4, -3, -12, -9, -16, -29, -27, -20, -40, -61, -38, -15, 6, 12, -3, 4, -5, 6, -3, 6, 1, 1, -1, 7, -8, 2, -1, -10, 1, 4, 1, 5, 0, 3, -2, 2, -4, 2, -3, 6, 1, 0, -3, 0, 1, -52, 37, 12, 17, 75, -105, 0, -19, 66, 18, -70, 2, 1, 9, -8, 11, 
-11, 6, 10, -7, -1, -11, 14, -5, 5, 7, 17, -12, -14, 3, 3, 8, -4, 4, -7, 8, -5, 2, 1, 0, 0, 5, 1, 0, 3, -1, 2, -1, 5, 8, 0, -2, -19, -5, 2, 16, 0, 16, 40, 28, 50, 70, 26, -16, -63, -58, 7, 1, 10, 3, 2, -5, -2, 4, 4, -3, 1, 0, -5, -6, -3, 8, -6, -4, 1, 2, 3, -5, 1, 4, 5, -2, 3, -7, 7, -2, 5, -15, -36, 46, 0, 55, -2, -71, 63, 15, -79, 7, -4, 1, 12, 14, -20, 
-2, 14, 7, -1, -14, -7, 11, -5, 6, 11, 10, -19, -12, 2, 4, 0, 0, 4, -3, -1, 5, 6, -1, 0, 7, -5, 2, 5, -5, 7, 5, -11, -16, -10, 0, -6, 16, 34, -8, -9, 24, 7, 2, 18, -7, -24, 11, 33, 67, 38, -84, -35, 11, 3, 4, 4, 1, -2, -1, 4, 2, 3, -5, -12, 7, 9, -1, -3, -3, 5, 0, -2, 3, -2, 1, 0, -5, 4, -9, 1, 1, 2, -49, 18, 21, 10, 74, -46, 37, -74, 9, -1, 2, 6, -3, -14, 7, 
10, 12, 10, -12, -23, 14, 8, 1, 3, 8, 16, -19, -21, 13, 0, 4, 2, -9, 6, -2, -1, 0, 4, 0, 0, -5, 2, -4, 8, -8, -22, 18, 31, 27, -20, 8, 4, -6, 11, 3, -8, -6, 1, -9, 0, -4, -4, 0, -8, 25, 91, -17, -93, 7, 14, -4, 2, 5, 1, -6, -1, 5, -11, -1, -1, 7, 5, -4, 3, -5, 6, 6, -9, 2, -3, 2, 0, -1, 0, -3, -2, 1, 0, -68, 57, -3, 39, -107, 108, 8, -6, 7, 0, 6, -2, 3, 4, 
20, 1, 22, -60, 5, 13, 10, -2, 2, 14, 16, -17, -15, -6, 2, -6, -4, 3, -3, -1, 0, 2, 1, -4, 4, 2, -2, 3, -8, 9, 23, 6, -10, -14, -6, 2, 1, -18, -5, 2, 4, 14, -14, -3, 0, 12, 7, -10, 4, -11, -6, 52, 73, -101, -38, 19, 9, -1, 2, 5, -1, 1, -9, -14, 7, 3, 6, -7, 1, 0, 0, 8, 5, -9, -4, 1, 0, -1, 2, 0, -7, 6, 4, -31, -26, 27, -94, -43, -55, 7, 1, 4, 9, -14, -11, 21, -17, 
6, 24, -9, -60, 12, 8, 9, -3, 5, 8, 10, -10, -25, 9, -3, 9, -1, -2, 3, -3, -1, 2, -3, -3, 3, -1, 2, 2, -29, 49, -60, 15, -8, 13, -22, 15, -4, 0, 4, -9, -13, -5, 8, 22, -1, -6, 1, -2, 0, -3, 2, -1, -2, 112, -42, -84, -6, 14, 2, 0, 2, -3, -2, -10, 4, 8, 2, 2, -5, 3, 3, -5, 14, -6, -4, 0, 4, -1, 1, -1, 4, -1, -2, 7, -75, -96, 10, -126, 13, -10, 7, 7, 3, -10, 20, -22, -15, 
14, 18, -50, -23, 11, 7, 14, 0, 1, 6, 16, -24, -16, 5, 4, 1, 4, -6, -5, 0, 0, 2, 0, -2, 1, -3, 2, -15, 47, -24, 16, -16, -4, 0, 11, -9, 5, 9, -4, 1, 0, -3, -4, -7, -7, 5, -4, 10, -1, 3, 4, 6, 1, -20, 75, -5, -107, -34, 21, 6, -8, 13, -5, -19, 4, 12, 3, 7, 2, -10, 0, -5, 16, 4, -5, 4, 3, -5, -4, 3, -1, 1, 2, -10, 66, -16, -120, 13, -4, 14, 0, -1, -26, 27, -10, -16, 59, 
28, -25, -13, -24, 14, 8, 3, 5, -1, 12, 16, -18, -18, -3, 16, -11, 4, 2, -1, -1, -2, 9, -8, 3, 0, 4, -9, -7, 36, -16, -21, 6, -2, -2, 6, 2, 1, -11, 6, -4, -4, 7, -1, -7, 10, 7, -1, -9, 8, 15, -4, -33, -12, 6, 3, 57, -69, 102, -4, 15, -7, 6, -10, -4, 4, 10, 6, 0, 16, 4, -28, 1, 12, 20, -6, -1, 3, -1, 0, 1, 0, 0, -7, 20, 90, -103, 14, -7, 4, 3, 4, -19, 29, -10, -30, 42, -38, 
7, -47, 5, -19, 2, 10, 10, 3, 3, 8, 8, -15, -16, 8, -3, 8, -5, 0, -1, -3, 6, -4, 3, -1, 0, 1, -5, 27, -24, -7, 8, 2, 5, 3, -4, -13, 0, 4, 2, -5, 0, -22, 2, 2, 9, 1, 12, 28, -19, -48, -1, 30, 13, 3, 1, -24, 17, -118, 76, 23, 11, 0, -4, -15, 0, 8, 2, -3, 6, 24, -17, -66, 23, 16, 11, -9, 5, -2, -2, 2, -5, -2, -8, 114, -108, -16, -12, 6, 6, 5, -22, 19, -8, -16, 8, 3, -84, 
-44, -3, 5, -22, 10, 6, 8, -1, 8, 7, 10, -10, -24, 5, -1, 0, 7, 5, -8, 6, -6, 4, -1, 4, -1, -3, 18, -9, -13, -2, -2, 9, -1, 1, -11, 6, -9, 9, -6, -6, 5, 11, -1, -9, 1, 22, -1, -71, 3, 48, 5, -10, 8, 0, -7, -6, -19, 76, 40, -127, 23, 11, -6, -9, -1, 12, 5, 3, -1, 20, 17, -71, -11, 15, 20, -2, -1, -2, 3, 0, -1, -12, 82, -38, -15, -9, 11, 4, 11, -13, 9, 3, -21, 15, -1, -59, 58, 
-32, 18, 0, -30, 9, 10, 5, 2, 2, 13, 5, -17, -13, 11, 7, -4, -5, -2, 0, -6, 2, 1, 1, -1, -1, -1, 9, -22, 13, -1, 7, -3, -10, -17, 9, 2, 3, 0, 5, 17, 0, -12, -9, 6, 44, -64, -29, 63, 0, -8, 18, -1, -14, -1, 6, 11, -6, -16, -121, -58, 124, 12, -2, -9, 10, 9, 6, -5, 9, 13, 22, -56, -22, 23, 16, 16, -5, 0, -2, 1, -11, 23, 82, -105, -3, 1, 3, 5, -12, -8, 19, -13, 4, -14, -32, 39, 29, 
0, 0, 0, -24, 0, 8, 8, 2, 3, 12, 9, -11, -26, 5, 2, 8, -2, -1, 4, 0, -1, 8, -6, 3, -13, 36, -22, 15, -7, -5, 9, -3, 8, -1, 5, -18, 8, -8, 2, 2, -6, 2, 6, 20, -91, 33, 26, -2, 19, -3, -10, -11, 8, -5, -4, -12, 7, -6, -23, 126, 61, 118, 15, -11, 3, 13, 1, 2, 4, 24, 8, -30, -31, -13, 26, 14, 7, -5, 3, -4, -3, 106, -92, -13, -9, 16, 9, 0, -22, 30, -24, 7, 4, -64, 28, 39, -18, 
7, 3, 2, -18, 9, 7, 4, 4, 5, 6, 7, -8, -25, 10, 3, -8, 10, -7, -3, -5, 2, -4, 9, -6, -5, 12, -22, -6, 15, -5, -3, -12, -7, 11, -6, 23, 2, 5, 3, -2, 4, 15, -60, -36, 51, 29, -10, -3, -9, -11, 1, 6, -1, 2, 3, 8, -7, 7, -3, -27, 106, 23, 118, 14, 10, 10, 5, -4, 7, 12, 18, -29, -12, -48, 19, 35, 17, -20, -8, -7, 77, -15, -53, 0, 6, 0, 5, -20, 23, -19, 3, 17, -75, 22, 57, -28, -8, 
4, -1, 1, -24, 5, 13, 4, 2, 0, 15, 8, -11, -19, 1, 2, 3, 3, 5, -6, 4, 0, 6, 8, -55, 94, -52, 2, 5, -9, 3, 4, 5, 6, -19, 12, 3, -16, 3, 17, 15, -33, -72, 29, 58, -12, -6, 20, -18, -3, 3, 2, 8, -3, 4, 1, 0, -2, -3, -12, 6, -13, -113, -105, -36, 14, 9, 2, 2, 6, 14, 8, -26, 6, -14, -31, -63, -42, 23, -72, -20, 71, -98, 3, 1, 5, 0, -1, 0, 3, -6, 32, -80, -10, 79, -22, -15, 21, 
-4, 3, -2, -29, 6, 9, 11, -3, 2, 13, 12, -8, -18, 12, 0, -5, 0, -3, 1, 3, 0, 1, 6, -91, -111, -70, 0, -2, 10, -11, -6, -6, 2, 15, 0, 12, -10, 24, -3, -55, -37, 62, 39, -26, 27, -7, -27, 10, 11, 4, -4, 1, 14, -6, -4, 1, -7, 12, -1, 2, -11, 45, 86, 106, 32, 17, -4, 2, 5, 15, 19, -27, 7, 4, 60, 41, 113, 0, 34, -120, 83, -9, 3, 10, -2, 8, -2, 10, -18, 31, -48, -55, 91, -7, -25, 25, 1, 
-2, -1, 4, -25, 4, 8, 4, 1, 1, 10, 13, -20, -24, -1, 1, 3, 0, -6, -2, 3, -8, 10, -47, 39, 46, -43, 5, -4, 7, 6, 1, -8, 15, 8, -18, -5, 27, 4, -92, 22, 61, -5, -4, 5, -36, 14, 4, -5, 3, 1, 7, -11, -12, -2, 11, 1, 5, -11, 4, -5, -10, -17, -105, 91, 1, 18, 5, -2, 3, 23, 10, -9, -47, 57, -55, 41, -44, 28, 12, 95, 7, -68, 5, 8, 3, -8, 5, -6, 7, 4, -85, 66, 26, -32, 21, 7, -1, 
-5, 1, 5, -27, -2, 8, 11, 5, 2, 9, 8, -19, -14, -10, 8, 7, -1, 1, -4, -5, 1, 11, -60, 88, 3, -50, 1, 16, -11, -8, -6, 27, -6, -28, 10, 11, -4, -92, 59, 51, -15, -6, -17, -5, 24, -34, 28, -3, -3, 13, -21, 9, 4, 1, -3, -1, -2, 1, 14, 4, 4, -16, 26, 96, 88, 41, 7, 5, 9, 27, 33, 108, 120, -7, -75, -4, 34, 3, -28, 23, 106, -111, 3, 0, 6, 3, -11, -9, 31, -64, 5, 67, -32, 10, 5, -4, -1, 
4, 4, 4, -17, 4, 6, 10, 2, 2, 13, 12, -15, -15, 10, 1, -1, 1, -2, 3, 6, -1, 16, -86, 113, -4, -30, 13, -24, 4, 15, 18, -14, -21, 23, 20, 6, -75, 69, 25, -18, 1, -18, 26, 3, -15, 32, -21, 23, -13, -19, 10, 7, 5, 1, -11, 1, 23, -12, -7, -6, 0, 3, -15, 65, 28, -71, 10, 7, 19, 1, 75, 27, -68, -94, 47, 19, -4, -23, -12, 37, 84, -113, 21, 13, -17, -1, -4, 20, -26, -82, 103, -18, -3, 13, -2, 2, 3, 
4, 5, -1, -18, -5, 8, 7, 1, 2, 11, 12, -18, -16, -2, 6, 3, 2, 9, -13, 4, 1, 11, -73, -110, -72, -21, -10, 21, 3, -12, -3, -1, 27, -4, -17, -65, 67, 7, -17, -13, 3, 9, -1, 13, 1, -17, 36, -43, 13, -1, 12, -3, 7, -8, 21, 37, -53, -9, 14, 9, 2, 6, -12, -14, 83, -6, -11, 2, -48, -60, -127, 38, -51, 47, 0, -8, -11, 0, -3, 48, 45, -88, 1, 4, 11, -10, 10, 12, -109, 56, 34, -26, 17, 1, -2, -5, 2, 
-2, -4, 3, -14, 2, 5, 0, 3, 5, 13, 12, -20, -17, 7, 1, 0, 1, 1, -2, -2, 6, -12, -49, 83, -29, -8, 6, -10, -15, 4, -10, 15, -20, -7, -23, 40, 7, -1, -19, 0, -5, 30, -7, -31, 16, 30, -54, 29, -12, 17, -14, -11, -17, 22, -4, -38, 22, -7, -2, 3, 2, -6, 15, -11, -14, 62, -70, -53, 48, 70, -48, 5, 26, -11, -10, 0, 1, 2, -3, 77, -20, -52, 15, -4, -6, -7, 2, -32, -22, 75, -21, 7, 6, -2, -1, 2, -2, 
4, -2, 3, -16, 0, 11, 9, 0, 4, 17, 14, -17, -22, 13, -4, 4, 0, -5, 1, -3, 12, -50, 14, 64, -17, -25, -12, 2, 1, 9, 3, -8, 16, -40, 41, 4, 0, -27, 0, 26, 13, -41, 12, 30, -20, -24, 25, -10, 7, -11, 1, 11, 21, -28, -10, 30, -24, 14, 7, 4, -4, -1, 3, 9, -9, 3, 8, 62, -26, -18, 28, 9, -9, -3, 1, 9, 6, -5, -11, 124, -73, -23, -1, 14, -13, 0, 8, -49, 57, 5, -14, 12, -1, -1, -2, 0, -3, 
6, -6, 0, -11, -8, 5, 9, 7, 2, 18, 2, -10, -27, 2, 4, -3, 2, 2, -4, 0, 11, -63, 54, 48, -34, -1, 6, -16, 14, -20, 15, 12, -49, 52, -14, 31, -44, 15, 14, -24, -17, 35, 18, -37, 6, 10, -7, 10, -3, 19, -18, 1, 8, 11, 6, -25, 25, 0, 3, -13, -20, 29, 0, -48, -9, 13, -21, -10, 21, 22, -18, 0, -5, -4, 1, 37, -43, 30, 7, -110, 121, -4, 1, 10, -11, 27, -79, 13, 54, -24, 10, 3, -1, 2, 1, 1, 5, 
0, 3, 4, -21, -2, 8, 8, 3, 0, 14, 13, -20, -13, 9, -2, 8, -4, 3, -3, 0, 15, -63, 48, 16, 5, 7, -2, 2, -21, 15, 0, -49, 54, -15, 36, -62, 26, 11, 3, -2, -10, 10, -31, 27, 5, -2, -7, 13, -2, -18, 15, -4, -8, -11, 9, 14, -3, 4, -14, 28, 9, -26, -33, 41, -3, -17, 18, 20, -8, -9, 4, -5, 3, -5, 40, -29, -25, -7, 22, 70, -101, 11, 9, -6, -4, -20, -52, 65, -7, -1, 7, 2, 0, 3, -5, 3, -4, 
-4, -2, -2, -14, -2, 11, 8, 0, 3, 9, 15, -20, -25, 9, 3, 2, -1, -1, -3, 3, 10, -71, 55, 9, -7, -10, 29, -30, -15, -3, -35, 53, -22, 33, -62, 19, 17, -6, -6, -1, 24, -44, 25, -17, 14, 7, 12, -19, 16, 1, -12, -11, 0, 17, -21, 15, 4, 0, 2, 4, -49, 19, 7, -25, 26, 24, -3, -14, -10, -4, 4, -2, -7, 15, 23, -41, 28, -82, -126, -76, -43, 32, -17, -3, -6, -39, 32, 38, -23, 12, 4, 1, -1, -1, 3, -3, 2, 
-4, 0, -7, -20, 1, 5, 9, 1, 2, 13, 14, -12, -18, 5, 4, -1, 2, -2, 3, -2, 19, -88, 83, 2, -11, 0, -10, 4, -13, -19, 50, -10, 23, -60, 31, 15, 2, -20, 0, 19, -36, 43, 7, 36, 8, -10, -6, 52, -13, -23, 21, 7, -8, -5, 21, -14, -5, 12, -35, -22, 38, -31, 16, 24, -13, -14, -4, 2, 0, 7, 2, -5, -6, 62, -70, 56, 25, -54, -71, 106, 17, -5, 5, 6, -26, -33, 73, -22, 2, 6, -2, -3, -1, 3, -2, 0, 3, 
4, -2, -1, -4, -2, 5, 9, 0, 1, 10, 19, -22, -23, 5, 5, 2, -10, 5, -4, 2, 17, -109, 103, 8, -3, 3, 16, 12, -61, 57, -25, 33, -51, 31, 2, 21, -27, -5, 29, -43, 48, -2, -32, -39, 29, 25, 3, 113, 62, 61, 13, 0, 47, 58, -9, 87, -10, -59, 54, -7, -12, 26, 3, -15, -9, 3, -2, 2, 0, 1, -4, -13, 39, 18, 68, -32, 116, 63, 89, -101, 19, 3, -8, 21, -64, 30, 30, -15, 11, -2, 1, 0, -4, 0, 2, -3, 2, 
-2, 0, -2, -13, 0, 3, 7, 3, 2, 13, 16, -15, -25, 3, 8, -2, 5, 0, 2, 1, 13, -105, 97, 13, -9, -9, 12, 38, -6, -18, 42, -61, 28, 11, 6, -35, 4, 23, -40, 54, -14, -32, 44, 2, -65, -101, -127, 68, -17, -25, -21, 57, -15, -6, 26, 38, 80, 30, -56, 15, 30, -14, 4, 1, 2, 5, 5, 2, 2, -13, 15, 87, 85, -10, -97, -92, -14, 11, 73, 3, 7, -17, 12, -20, -44, 77, -22, 5, 7, -3, 0, -2, 1, 3, -1, 0, -1, 
3, -3, -1, -7, 1, 5, 9, 2, 6, 11, 15, -15, -26, 5, -2, 5, -3, 1, -4, 5, 19, -84, 69, 4, 32, -13, -32, -8, -38, 41, -63, 24, 8, 4, -20, 8, 16, -34, 46, -22, -18, 34, -27, 15, 55, 0, 0, 7, -72, -45, 20, -53, -34, -35, 109, 32, 15, -14, 45, 1, -5, 2, 6, -6, 0, 5, -1, -23, 13, 104, 60, -50, -89, -67, -63, -31, -6, -40, -76, 23, 2, -6, 15, -81, 41, 22, -20, 15, -4, 1, 2, 1, 1, -6, -3, 1, 1, 
10, -11, 0, -6, -4, 5, 16, -6, 4, 11, 20, -24, -16, 7, 4, 5, -3, 6, -3, 2, 3, -51, 10, 47, 31, -31, -28, 31, 18, -45, 6, 24, 12, -26, 6, 21, -36, 30, -6, -35, 66, 2, 27, 2, -36, -74, -1, 43, 13, 51, -23, 32, -10, 102, 125, -25, 30, 19, 0, 0, 0, -1, 1, -2, -3, -12, 3, 85, 89, -119, -101, -73, -39, -19, 23, -1, 117, -101, 21, 1, -11, 14, -5, -69, 75, -18, 10, 7, -1, -2, 1, 0, -2, 4, -1, 0, 0, 
-1, -2, -5, -12, 1, 3, 8, -2, 1, 12, 17, -13, -27, 4, 1, -2, -1, 1, -2, 3, 5, -5, -81, 94, 0, -1, -47, 44, -33, -13, 26, 16, -32, 11, 18, -36, 40, 26, -53, 104, -45, -41, 21, -11, -60, 47, 105, 111, 9, 24, -23, 12, 93, -98, -62, 50, 12, -22, 8, 6, -3, -3, 1, -4, -14, 78, 123, -117, -47, -5, -35, 24, 47, -22, -68, -89, -73, 20, 8, 4, -23, 22, -42, 14, 40, -22, 18, -4, 1, 1, -1, -2, 3, -5, 3, -3, 4, 
-5, 3, 0, -12, 0, 4, 8, 3, 1, 12, 16, -15, -25, 9, 7, -2, 5, 3, 1, -7, 3, 14, -113, 119, -10, 26, 1, 18, -54, 34, 39, -63, 21, 9, -28, 23, -25, 27, 66, -76, -13, 39, -71, 5, -42, 98, -97, 49, 76, -56, -52, -25, 122, -91, 74, 5, -19, 10, -2, -6, -5, -1, 0, -3, -127, -37, 81, 44, -50, 70, 46, 7, -38, -36, -63, -101, 19, 7, 4, -10, 11, -2, -86, 89, -13, 0, 8, 0, 4, -3, 1, 1, 0, -1, -1, 2, -2, 
3, 0, -3, -13, -4, 10, 12, -5, 0, 10, 21, -15, -29, 9, -1, 0, -2, -3, -4, -3, 6, 11, -43, -21, 110, -69, 71, -84, 37, 8, -51, 27, -2, -18, 17, 22, 21, -70, -41, 13, 39, -77, 104, -97, 95, -66, -15, 3, -12, 28, -119, 112, -89, 86, 2, -1, 0, 6, -8, -8, -9, 17, 2, 47, -117, -98, 25, 28, -11, -21, -12, 14, -59, -120, -85, 14, 0, 8, 8, -7, 1, -33, -9, 48, -30, 24, -3, 3, -1, 1, 3, -1, -2, 1, 1, -1, 0, 
2, 0, 1, -18, -4, 7, 11, 3, 6, 12, 14, -15, -20, 2, 2, 9, -3, 2, 4, -2, 0, 4, 25, 106, 104, 10, 14, -19, -12, 9, 1, 23, -6, 1, -12, 31, -14, 32, 1, 30, -78, 36, 1, -17, 24, -13, 40, 0, -34, 48, 74, -106, 99, 3, 4, 1, -4, 10, -19, 21, -6, -10, -20, 34, 43, -78, 66, -45, 59, -52, 78, 118, 107, -36, 2, 16, -10, 9, -8, -7, 7, -41, 43, -17, -1, 21, -2, -5, -3, 1, 3, -4, 2, -4, 4, 3, -3, 
-2, 1, 5, -24, -6, 13, 8, -1, -1, 16, 18, -14, -29, 0, -2, 3, -4, -4, -1, -3, 2, 4, 12, -33, -43, 62, 42, -17, -1, -41, 38, -42, 0, 10, 64, -5, -29, -25, 44, -11, -26, 0, 26, -12, -30, 2, 5, -56, 26, -87, -32, 47, -14, 0, -3, -9, -6, 8, 6, -33, 13, 4, 6, 2, 68, -8, -88, 45, -41, 37, 34, -104, -31, 4, 10, 0, 4, 7, -19, 12, -17, -28, 56, -43, 27, 5, -1, -1, 2, 2, -4, 5, -3, 6, -2, -4, 1, 
-1, 3, 0, -24, -6, 6, 11, -1, 6, 10, 16, -18, -27, 12, 3, 3, 6, 1, -3, -6, 1, 10, 7, -43, -7, 80, 31, -64, 12, 31, -56, 53, 29, 21, -53, -15, 13, -43, 15, 15, 15, -44, 74, 3, -36, 21, -61, -21, -24, 11, 45, 14, 10, 18, -26, -11, 39, -39, -9, 18, 10, 0, -8, 2, 28, -1, -26, -50, -23, 36, 63, -45, -5, -6, 9, -6, 15, -1, -6, 10, -67, 37, 11, -17, 15, 13, 2, 4, -4, -2, 3, 1, -3, 1, -2, 5, 2, 
7, -5, 10, -23, -1, 6, 11, 0, 0, 9, 23, -10, -25, 0, 2, 2, -6, 2, -3, 12, -24, 0, 10, -14, -60, -104, -87, -21, 0, -20, 28, -23, 8, 63, -81, 59, -52, 7, -30, 35, -1, 15, -114, 106, 25, -66, -55, 72, 21, 20, -22, 8, 20, -15, -22, 48, -29, -4, 5, 3, -2, 3, -1, 5, 36, 15, -19, -58, -14, 39, 81, -92, 1, 3, -8, 2, 13, -14, -3, -7, -46, 78, -36, 27, -13, -13, 6, 10, 8, 2, -1, 7, 1, -4, 0, 0, 4, 
1, 4, 4, -17, -7, 13, 10, -3, 4, 14, 11, -6, -30, -3, 4, 1, 12, 2, -1, -30, 46, 7, -10, 11, -106, -84, -97, 26, -37, 14, 35, 9, -14, -55, -1, 18, -8, 18, -10, -24, -19, 48, 3, 45, -86, -92, 110, -28, 42, -19, -5, 2, 17, -6, 25, -46, 0, 3, 7, 6, 0, -5, 7, -1, 20, 37, -17, -40, -44, -8, 109, -63, 2, 1, 0, 13, 1, -18, 21, -37, -19, 43, -19, 25, -9, -3, -8, -14, -3, 4, 5, 9, 6, 4, 2, 1, -2, 
0, -2, -1, -18, -7, 4, 9, 5, 1, 14, 13, -13, -20, 10, 3, 2, -4, -4, 0, -4, 6, -13, 15, 15, -33, 20, 59, -58, 23, 14, 49, -35, -14, 13, -51, 70, -52, 20, -6, 22, -48, 44, -43, 104, 122, 115, -45, 49, 15, 15, -62, 53, 2, -6, -25, 4, 4, -3, 9, -3, 4, 6, -2, 3, 17, 41, -14, -34, -41, -24, 123, -65, -8, 2, 0, 7, 4, -11, 17, -86, 78, -18, 10, 12, 5, -1, -5, -9, -4, -12, -10, -13, 4, 5, 6, 0, -1, 
0, 1, 6, -23, -5, 8, 13, 3, 1, 8, 19, -17, -24, 3, 3, 1, 1, 11, -5, -1, -3, 6, -6, -14, -20, -18, -27, 15, 16, 33, -47, -29, 5, 2, 4, -60, 83, -27, -17, 18, 12, -60, 75, 78, -126, -52, 39, -26, 16, 14, -37, 73, -22, -3, -7, 5, -5, -1, 3, 9, -2, -3, 2, -2, 7, 41, -4, 9, -38, -56, -120, -63, -22, 3, 0, 11, -21, 13, -29, -22, 58, -27, 24, -1, 0, 2, 11, 10, -3, 9, -14, 5, -11, -8, -11, 1, 9, 
-2, -3, 4, -17, -10, 13, 8, -3, 5, 12, 16, -10, -29, 6, 4, 1, -2, -4, -3, -2, 4, 0, 7, -42, 115, -26, 74, -55, 29, 62, -85, 44, -16, 13, -33, 64, -6, -35, 17, -36, 32, 35, -89, 51, -76, 64, 8, -36, 10, 28, 73, -113, 18, 64, 56, 30, 6, -10, -1, 3, 4, -1, 1, -7, 20, 88, 60, -52, -15, -78, -122, -39, -7, 1, 13, -3, 0, 12, -59, 33, 12, -14, 13, 1, -1, -1, 4, 7, 8, -2, 8, -4, -4, -5, -1, -8, -4, 
0, -2, 7, -17, -13, 15, 6, 8, 2, 9, 16, -18, -23, 0, -1, 4, 2, 3, 2, -7, 9, 9, -46, 90, -30, 101, -81, -65, -39, -86, 99, 121, -112, -75, -5, 6, -21, 8, -11, 33, 15, -9, -69, 6, 53, -3, 31, -67, 83, 39, -90, 40, -45, -108, -72, 30, 58, 7, -13, 8, -3, -11, 3, 59, 61, -29, -53, -36, -23, -50, 79, 6, -34, 1, 9, -7, -10, 9, -61, 68, -29, 21, 4, -4, 1, -3, -4, -4, 6, -1, -1, 7, 5, 3, 6, -8, -5, 
7, 5, 6, -18, -8, 5, 15, -5, 2, 18, 15, -11, -22, 11, 3, 8, -2, -4, 1, 7, -15, -61, 43, -12, 32, -41, 41, 52, -62, -27, 2, 26, -35, 41, -5, -44, 101, -75, -15, -8, 77, 106, 83, 22, -15, 52, -85, 124, 26, -46, 102, -1, -101, 60, 4, -127, -21, 24, -5, 3, 6, -8, 60, -28, -33, -7, 86, 33, -6, -60, 56, 49, -65, 12, 17, -14, 3, -5, -35, 53, -30, 24, 0, 2, -1, 2, -3, -1, 2, -2, -3, 0, 0, 5, 4, 8, 9, 
4, 2, 12, -23, -5, 14, 5, 7, 2, 7, 22, -12, -25, -5, -1, 8, 2, 2, 6, -36, -40, 60, -6, 24, 28, -115, -47, -123, 10, 119, -68, 65, -88, 43, 25, -57, -16, 105, -60, 9, -91, 37, -13, 28, 6, -5, 110, -18, -77, -21, -57, -60, 115, -128, 50, 83, -22, -2, -12, 7, -6, 96, 23, -40, -99, -58, -35, 18, -17, -46, 41, 54, -56, 17, -9, -7, 15, -63, 23, 11, -3, 13, -4, -2, 0, 1, -1, 2, 2, 1, -2, 3, -1, 3, 7, -5, 6, 
-5, -5, 1, -24, -19, 11, 16, -2, 1, 8, 14, -8, -36, 7, -1, -3, -3, -8, -18, -21, -52, -84, -8, 17, 59, -89, -95, 117, 9, -83, 30, 58, -47, -19, 69, -23, -44, 24, 62, -7, -82, 23, 79, -33, 5, 90, -27, -95, -24, -20, -34, -69, -66, -69, 116, 36, 5, -1, -16, -8, 101, -16, 96, -46, 122, -35, -19, 4, -2, -43, 24, 53, -48, 14, -15, -2, 9, -68, 60, -11, 18, 0, 2, -3, 1, -5, 3, 2, -3, -1, 2, 3, -3, 7, -6, 5, -1, 
-3, 6, 5, -27, -13, 17, 13, 0, 5, 19, 8, -12, -28, 5, 4, -1, -12, 58, 33, 108, -34, 26, 95, -16, -31, -98, 110, -70, 6, -61, 46, 12, -44, -4, -39, 89, -36, -11, -15, -75, 34, 15, -32, -3, 99, -19, -51, -15, -89, 94, -42, 125, 110, -97, -63, -18, -10, -5, -12, 23, 73, -98, -8, -96, 58, 81, -60, -4, -10, -24, 19, 40, -10, 3, -13, 15, -22, -35, 63, -22, 16, -1, 0, 2, -3, -5, 2, -6, 2, 4, -3, 2, 0, 0, 6, -2, -28, 
1, 1, 13, -31, -9, 12, 9, 4, 0, 13, 8, -10, -17, 2, 5, 1, 38, -77, -91, 12, 63, -71, -5, -77, -97, 113, -32, -15, 11, 33, -24, 68, -50, 0, -12, -8, 7, 20, -35, -25, 11, 34, -11, 105, -29, -68, 14, 75, -27, -19, 24, 94, 73, 3, -10, 10, -15, -11, -21, 74, -2, -79, 41, 38, -107, -44, -33, 9, -7, -10, -11, 64, -22, -7, -11, 3, -40, -7, 27, 0, 7, -1, 0, -7, 1, 14, -7, 8, -2, 0, 2, 4, -1, 6, -22, -41, -7, 
9, 8, 0, -15, -15, 20, 10, 1, 6, 16, 16, -10, -32, 10, 8, -8, 67, 118, 120, 70, 10, -66, -117, 34, 75, 7, -76, 41, 25, -86, 61, 42, 24, -36, 7, -6, 5, 6, -102, 65, 7, -29, 110, -15, -93, 34, -3, -2, 21, 20, -60, -22, -106, -1, 40, -31, 11, -21, -21, 38, 34, 7, -19, -2, -86, -55, 44, -23, -18, 4, -45, 116, -40, -17, -8, 15, -46, 59, -18, 19, 1, -3, 3, -1, -2, 1, 0, -1, 6, -2, -3, 0, -3, -40, -19, 26, 27, 
3, -9, 14, -33, -20, 22, 7, 2, 5, 15, 12, -6, -29, 1, 8, 0, -55, 127, 8, 124, 5, -32, -5, -84, 45, 55, 4, -38, -40, 71, -44, -6, -1, -22, -4, 0, 12, -45, 13, -30, 35, 58, 54, -126, 29, 6, 16, 3, 7, -11, 10, 0, 31, 3, 25, -25, 17, -16, -26, 30, 28, -5, 2, 5, 13, 20, 24, -21, -17, 1, -46, 127, -56, -2, -11, 4, -64, 64, -23, 19, -3, 1, -7, 5, 0, -2, 0, 4, -2, 1, 8, -3, -50, 12, 34, 14, 1, 
0, -3, 10, -29, -20, 16, 9, 3, 2, 12, 14, -10, -27, 8, -12, -22, 9, -22, 71, 91, -9, -50, 23, 62, -40, 54, -79, -5, 84, -23, 12, -116, -66, -16, 3, -7, 14, -95, 78, -20, 23, -90, 55, 41, 2, -4, 5, 5, 3, 22, 5, 12, -4, 16, -11, -1, -5, -8, -39, 28, 37, -8, 4, -3, 9, 4, 28, -35, -3, 0, -78, -93, -84, -2, -1, -27, -11, 27, -3, 8, 0, 0, 0, 0, 2, -3, 3, -5, -3, 3, 2, -53, 19, 36, 11, -4, -3, 
1, 5, 4, -28, -16, 21, 13, 3, 5, 15, 16, -14, -28, -8, 19, 40, 39, 45, -111, -33, -47, 10, 2, 9, 92, -67, 6, -22, -41, 41, 39, 76, -96, -32, -18, 18, -48, 41, -53, 31, -65, 52, 7, 25, -5, 3, 2, 3, 9, 9, 0, 2, 9, 11, -2, 6, 3, 0, -36, 14, 50, -27, 6, -3, -13, 13, 38, -43, 8, 14, -87, -118, -34, -34, 9, -64, 46, -4, 11, 6, -5, 1, 1, -3, 5, 0, -5, 4, 7, 1, -41, 9, 32, 1, -4, 4, -11, 
-6, -5, 9, -20, -24, 22, 11, 4, 2, 11, 12, -3, -25, -14, 9, -18, -37, -27, 29, 6, 0, 35, -43, 76, -81, -9, -2, 12, 1, -34, 5, -56, 28, 97, -119, 11, -99, 74, -28, -127, -45, -91, 25, 19, 0, -8, 0, -10, 3, 1, 11, 3, 3, 2, -8, 8, 7, -13, -22, 5, 64, -27, 1, 2, -1, 11, 22, -32, -19, 28, -86, 110, 3, -64, 40, -77, 59, -10, 25, -9, 3, 2, -3, 2, -2, 4, -1, 2, 6, -18, -35, 40, 5, -5, 1, -6, -2, 
-5, 7, 7, -32, -18, 30, 4, 1, 0, 11, 15, -4, -52, 55, -64, 21, 67, -26, 8, 24, 9, -41, -63, 50, 3, -10, 12, -2, -30, 26, -27, -60, 5, 32, 94, -89, 30, -74, 96, -107, 94, 7, -1, 9, 5, -1, 4, 4, -6, 3, 10, -2, 5, 3, -2, -12, 7, -13, -12, -26, 73, -28, -5, 3, -5, 27, 0, -35, -4, 27, -99, 98, 45, -70, 7, -38, 47, -9, 14, 1, -3, -2, -1, -1, -2, -2, -1, 5, 2, -52, 37, 15, -1, -2, -9, 0, 11, 
3, 1, 6, -30, -13, 21, 12, 2, -4, 12, 15, -6, -55, 27, 49, 17, -12, -58, 56, 8, -81, 74, -11, 53, 23, -27, 15, -31, -30, 87, -77, -15, -16, -103, 66, 125, 83, -33, -34, 79, -23, 12, -15, 13, 8, -3, -4, 6, 2, 4, -5, 7, 0, 11, 0, -1, -4, -14, -18, -18, 60, -3, -12, 1, -1, 32, -12, -34, 9, 35, -100, 87, 47, -69, -42, 10, 17, 9, 7, -7, 5, 3, 2, -3, 2, -1, -4, 5, -24, -19, 36, 1, -4, -13, 8, 7, 8, 
-4, 9, 0, -34, -32, 29, 9, 5, 4, 12, 16, -4, -52, -26, 9, 17, 12, -30, 4, -11, 3, 25, -50, 82, -33, -50, 4, 0, -8, -22, 109, 22, -27, -21, -105, 6, -76, -127, -41, -70, -11, 28, -22, 7, 1, 4, -7, 2, 2, -9, -3, 2, 5, -1, -2, -30, 23, -1, -19, -22, 54, 34, -37, 10, 0, 52, -56, -10, 16, 28, -99, 71, 68, -56, -66, 60, -10, 16, -5, 1, -1, -4, 3, 1, 3, 0, 7, -1, -44, 34, 15, -3, -7, 5, 12, -5, -5, 
5, -2, 8, -40, -26, 17, 16, 0, -3, 15, 17, -19, -1, 60, -31, 38, -44, -21, 63, -26, -19, -18, 2, 11, -8, 11, -7, 13, -58, 94, 116, 98, -69, -32, -56, -118, -18, -99, -100, -4, -29, 40, -35, 17, 10, -6, 4, -3, -1, 1, 1, -4, 7, 7, -24, -6, 25, 38, -8, -12, 61, 13, -23, 5, 15, 15, -48, -6, 9, 13, -71, 31, 90, -49, -93, 73, -9, 12, 0, -1, -2, -1, 1, -2, 6, 1, 5, -19, -16, 32, 0, -10, -1, 6, -1, -5, 0, 
-3, 7, 5, -31, -7, 21, 8, 4, 3, 11, 13, 5, -48, -23, 5, 12, 7, -14, 98, 109, -116, -32, -38, 9, 49, 0, -52, 43, -62, -73, 113, -20, -45, 114, 65, 42, -70, 111, -49, 15, -34, 36, -14, 5, -3, 1, 1, 7, 3, 0, -1, 3, 1, 7, 2, 0, -57, -60, -35, -99, 34, -10, -5, -3, 71, -68, -7, -3, 13, 5, -51, -1, 92, -65, -27, 48, -9, 9, -2, -4, -1, 6, -3, -1, -4, 2, 7, -36, 8, 23, -3, -5, 8, 0, -2, 6, -2, 
-4, 7, -9, -11, 5, 20, 5, -7, -2, 22, 11, -4, -35, 8, -2, 42, -76, 34, -110, 85, -41, 2, 22, -10, 17, 84, 121, 26, -102, -111, 51, -109, -5, -106, -78, 65, -29, -87, 63, -14, -44, 61, -33, 16, 1, -1, -9, -2, 2, -3, 4, -7, 9, 1, 13, 4, 0, 19, -42, 65, 23, -11, 0, 14, 20, -49, 1, -17, 38, 1, -31, -34, 101, -68, -6, 21, 8, -2, 1, 1, 0, -4, 6, -1, -1, 2, 0, -36, 28, 9, -8, 5, 4, 0, -3, 3, 2, 
1, 12, -10, -29, 18, 12, 5, -1, 5, 9, 15, -1, -28, 7, -49, 111, -42, -51, 97, 2, -61, 4, 4, 32, -25, 64, -31, -12, 32, -22, -100, 87, 86, -1, -78, -67, 115, 31, -1, 11, -41, 53, -24, 16, 3, -5, 6, 5, -2, -5, 12, 4, 4, 6, 1, 3, -25, 32, 10, 17, 17, -16, -7, 62, -52, -5, -12, 7, 11, 7, -1, -79, 126, -82, 36, -8, 13, 1, -3, 3, 1, -1, -2, 1, 4, -2, -1, -32, 31, -1, -6, 6, 3, -7, 4, -2, 0, 
-1, 0, -10, -19, 6, 14, 5, -2, -2, 14, 16, 1, -38, -44, 79, 4, -59, 83, -36, -16, 7, -1, -44, 37, -87, 93, -13, 73, -111, -44, -17, 15, -123, 77, -57, 83, 18, -8, -8, 17, -53, 31, 0, 4, 3, 0, -1, 3, -2, -1, -11, 10, -4, 6, -9, 4, -17, 70, 3, 37, 38, -15, 14, 39, -70, 8, -13, 6, 15, -5, -10, -71, 99, -56, 24, 0, 2, -1, 2, -3, -3, 6, -5, -3, 5, 7, -16, -24, 30, -6, 8, 5, -5, 3, -4, -3, 2, 
-7, 10, -5, -28, 1, 15, 1, -1, 0, 16, 19, 7, -81, 59, -37, 36, -58, 64, -33, -6, 1, 6, 1, -36, 26, -106, -125, -73, -79, 90, -4, -104, 95, 117, -67, -19, 52, -26, -2, 41, -55, 32, -11, 0, 13, -3, 5, 1, 7, -14, 7, 18, 23, 20, 19, 27, 36, -4, 45, 22, 45, -57, 87, -60, -14, 18, -20, 14, 6, 16, 0, -96, 116, -56, 14, 0, 7, 1, -2, -7, 5, 0, -1, 5, -4, 4, -11, -25, 25, -3, 9, -4, 1, 4, -3, 3, 2, 
-6, 8, -13, -23, 2, 15, 10, 1, 1, 11, 21, -32, -30, 46, -55, 107, -70, -30, 17, 20, -56, 22, 47, 17, -60, 85, -48, -45, 64, 0, -80, -128, -42, 122, -94, -3, 20, -19, -5, 38, -61, 31, -11, -4, 11, 12, -8, 2, 0, 14, 16, -90, -47, -31, -19, -51, -97, -82, -54, -104, -65, 12, 74, -80, 17, -19, 7, 1, 8, -14, 26, -90, 64, -5, 11, -6, 7, -5, 2, 1, -1, -3, 6, -8, 4, 7, -27, -9, 17, 11, 2, 2, -6, -3, 0, -2, 5, 
-2, 10, -13, -5, 7, 12, 8, 1, 3, 13, -1, -18, 96, -117, 85, 4, -36, 19, -42, 6, -24, 35, -32, 4, 54, -58, -21, -12, 32, -44, 62, 108, -15, 98, 27, -20, 13, -15, 1, 20, -29, 9, -1, -11, 18, 1, -2, -2, -2, 13, 15, 23, 11, 4, 4, 24, 75, 52, 124, 9, 14, 96, -79, -7, 7, -10, 4, -5, 17, -20, 37, -87, 48, 10, -3, 2, 4, 0, -3, 3, -2, -3, 0, 3, 2, 9, -30, -10, 26, 5, -4, -1, -1, 2, -2, 4, 4, 
3, 2, -23, 0, -8, 23, 0, 6, 1, 5, 32, 31, -114, 24, 32, -2, -16, 56, -60, 44, -22, 44, 18, -70, -2, 23, -40, 95, -37, 75, 90, -7, 115, -4, 9, 4, -4, -3, -2, 12, -7, 2, 6, -18, 18, -1, 3, 0, -4, 0, 5, 11, -2, -8, -5, -7, 8, -1, -49, -14, 54, 18, -66, 8, 1, -10, -4, 0, 12, -6, 32, -85, 47, 16, 3, -3, 5, -4, 5, -3, -3, 5, -7, 4, -1, 9, -32, -2, 34, 2, -2, -2, 1, 0, 10, 0, -5, 
-4, 1, -28, 11, -29, 13, 3, 7, 2, 17, 10, -15, -77, 91, -4, -71, 71, -26, -24, 33, -88, -115, -100, 101, -106, 50, 35, -42, -31, 13, -97, -89, -35, 7, 9, -11, 2, 2, 7, 3, -11, 4, 9, -23, 11, 2, -1, 0, 0, -4, 0, 5, -3, -5, -5, -30, -49, -41, 8, 16, 57, -67, -10, -2, 5, 10, -22, 18, 10, -11, 15, -64, 30, 19, -7, 3, -2, 2, 1, 4, 7, -1, 3, -2, 4, 8, -45, 0, 35, -4, -2, 2, 7, 2, -7, -11, -2, 
0, -18, -8, 27, -4, -5, 9, 5, -3, 9, 18, 10, -67, 52, 1, -20, 34, -53, 9, 11, -75, 89, -7, 55, 15, -83, 45, -46, -56, -72, -6, -95, 20, -12, 12, -10, 7, -6, -2, 1, 18, -28, 15, -17, -10, 25, 9, 10, 3, 6, 0, -3, -5, 0, -9, 24, 39, 9, 5, 49, -53, -3, -9, -7, 14, 0, -28, 17, 1, -5, 26, -60, 5, 53, -25, 6, 4, -2, 1, -3, 4, -5, 3, 2, 3, 4, -42, -11, 34, 4, 1, 3, -2, -3, 2, 12, 1, 
5, -17, 8, 17, -15, 3, 7, 7, -1, 10, 17, 0, -43, 9, 40, -29, 35, -32, 16, -17, -6, 27, -71, 18, 57, -32, -20, 60, -93, 98, -99, 8, -5, -2, 16, -16, 4, 3, -14, 0, 3, -9, 7, -10, 1, -44, 21, 6, 17, 7, -2, 10, 0, 21, 11, 5, 1, 18, -5, 79, -92, 8, -11, 6, 7, 2, -33, 33, 13, -15, 9, -44, 3, 47, -24, 18, -1, -3, 0, -3, 2, 3, 2, -2, 3, 10, -55, 21, 28, -4, -4, -4, 0, 4, 0, -10, -1, 
0, -13, -4, -4, 20, -7, 13, 3, 0, 14, 22, 14, -80, 22, -70, -35, 77, -39, 16, 4, -67, 126, -103, -25, 0, 81, -16, 48, -35, -99, -8, 5, 0, -10, 17, -17, 9, 5, -3, -6, 10, 2, -5, -10, 37, -40, -49, -16, 16, 9, 17, 3, 8, -5, 11, 10, -3, 20, 11, 26, -54, 15, 5, -3, 8, -2, -33, 36, -1, -10, 10, -33, -15, 53, -3, 21, 12, 6, 6, 0, 0, 1, -3, -6, 6, 7, -67, 32, 27, -5, -2, 2, 7, 2, 0, 36, 84, 
3, -6, -31, 25, -15, 16, 6, 2, 0, 13, 30, -69, -50, 118, 28, -29, -8, -6, 15, -17, -75, 79, 33, -70, 73, -72, -17, 57, 7, -76, -125, -28, 7, -4, 34, -34, 20, -11, 7, -6, -9, 7, 9, 4, -9, 40, -34, -31, -57, -36, -36, -15, -17, 0, -12, 16, -3, -12, -17, -53, 120, -19, 11, 4, 13, -5, -23, 26, 7, -5, 16, -48, 13, 56, -44, -20, 4, 9, 10, 16, 13, 6, 5, 1, 3, -9, -56, 56, 12, -7, 2, 2, 0, 4, 39, 59, -52, 
-2, -16, -19, 8, -16, 25, 8, 6, -5, 20, -31, 5, -84, 119, 47, -45, 39, 5, -7, 1, -67, 78, 53, -22, -122, 15, 50, -19, 38, 92, -32, -87, -34, 3, 30, -25, 14, -13, 7, -2, -10, 6, -4, 1, -32, 5, 15, 48, 40, 29, 26, 5, 5, 13, 12, -6, -1, -1, 33, 85, 90, -66, -126, -46, 18, -9, -5, 17, 5, -5, 17, -48, 31, 28, -37, -24, -18, -13, -16, -5, 7, 19, 14, 19, 14, -20, -22, 60, -7, -6, 2, -4, 6, 41, 67, -109, -73, 
-28, -21, -15, -5, -29, 12, 18, 4, -4, -4, 40, 63, 58, 105, -36, -44, 60, -43, -18, 60, -33, -71, 88, -15, 9, -115, -111, -14, 15, -45, 18, -127, -93, 9, 16, -21, 26, -9, -2, 0, 7, -16, 18, -7, -20, 4, 19, 10, -4, -12, -1, 3, -4, 2, -9, -11, -19, -1, 1, 4, 24, 105, 120, -49, 116, -20, -19, 49, -4, -11, 22, -63, 60, -14, 4, 18, -6, -6, -18, -20, -30, -11, -7, 0, -5, -24, 1, 48, -15, -2, 2, 15, 39, 66, -105, -50, 7, 
27, -26, 1, -23, -41, 6, 20, 1, -5, 17, 34, -104, 38, 83, -69, 5, -37, 68, 113, 74, 49, -80, -36, 70, -8, -26, 31, -10, 1, -8, 97, 95, -107, -86, 24, -25, 14, -8, -14, 19, -15, 3, -8, 19, -24, -18, 15, -1, -3, 9, -8, -3, -1, 2, -4, -3, -3, 4, 14, -4, -2, -10, 5, 106, -115, 81, -64, 46, 2, -6, 13, -68, 60, -5, 4, 7, 3, 4, 12, -4, 1, -25, -20, -40, 29, -56, -66, 57, -10, 4, -1, 43, 94, 103, -13, 26, -3, 
32, 23, 0, -18, -57, 21, 23, 2, -5, 12, -15, 15, 49, -63, -4, -44, 10, 71, 61, 31, -24, -3, 64, -75, 69, -70, -19, 34, 28, 50, -122, 72, -56, 28, -20, -5, 18, -5, -7, 3, 8, -17, -5, 20, -33, -6, 13, 0, 17, -19, -2, 13, 6, -6, -12, -4, 7, -3, 8, 3, 0, -3, 2, -14, 24, -64, 119, -49, 14, -10, 28, -101, 85, -13, 5, 5, -1, 6, 4, 6, 5, 8, 2, -29, 66, -78, -11, 44, -4, 5, 41, 52, 73, 10, 27, -22, 13, 
21, 21, 26, -19, -58, 14, 19, 12, -8, 19, -51, 121, 24, -62, 18, 6, 30, -78, 32, -65, -3, 50, -125, -97, -117, 24, 17, -43, 14, 42, -16, -6, 10, 59, -66, 11, 14, -4, 1, 6, 7, -3, 6, 22, 0, -49, 38, 11, -31, 11, 9, -7, 3, -5, 4, 7, 1, 3, -1, -5, 1, 2, -3, 2, -6, -3, -61, 101, -25, 13, 32, -89, 88, -19, 13, -5, -1, 2, 1, 7, 0, 6, 7, -6, 18, -62, 41, 18, 1, 10, 58, -47, -65, 49, -9, -6, 36, 
27, 15, 49, -7, -74, 25, 20, 4, 2, 16, -19, 50, -72, -27, -9, -18, 17, 19, -69, 62, 7, -74, 92, -113, 94, -53, -36, 20, 18, -23, 65, -51, 83, 4, -52, -4, 15, -6, -13, -1, 15, -34, -12, 31, 33, -68, 38, -24, 24, -2, 5, 0, -3, -1, 0, -3, 5, -9, 5, -1, -1, -8, 3, -3, 1, -4, 11, -88, 72, 11, -3, -62, 68, -11, 2, 3, 1, 0, 5, 1, 2, 0, -5, 4, 14, -69, 52, 6, -1, 31, 36, -95, 41, -11, -17, 37, 5, 
0, 47, 26, 35, -104, 25, 24, 6, -2, 12, -7, 17, 33, -51, -5, 35, -17, 5, -42, 71, -17, -19, 1, 1, -2, 23, 39, -44, -13, -5, 35, 45, 62, -78, -47, -31, 16, 0, -19, 11, 11, -6, -42, 51, 35, -84, 22, 19, 3, -1, -6, 6, 2, -4, 0, -2, 0, 2, -1, -3, 1, -2, 3, 2, 0, -4, -15, 88, 23, -83, -4, -28, 39, 1, -1, -7, 3, -3, -2, -1, 6, 2, 11, -33, -23, -12, 26, 3, 0, 73, -60, -26, -2, -2, 22, 6, -35, 
-33, 56, 37, 23, -112, 29, 18, 11, -4, 10, 25, -48, 43, -36, -11, 17, -6, 12, -73, 103, -62, 34, -47, 28, 11, -31, 34, 17, -48, 25, 63, -38, 118, -21, -119, -13, 20, 12, -16, 17, -15, -12, -9, 17, 16, -65, 23, 14, -13, 3, 6, -3, 0, 2, 5, -4, 2, -1, -5, 5, -1, 4, -8, 2, 1, 2, -1, -9, -86, 98, -44, -11, 45, 0, 2, 2, 1, 4, 2, -1, 3, 2, -22, -40, 28, 24, 8, 0, 18, 60, -80, 17, -8, 4, 21, -23, -3, 
-28, 42, 42, 13, -109, 24, 25, 5, -5, 15, -11, 84, -55, -27, 35, -17, 1, -31, -28, 124, -73, -7, 33, -2, -42, 5, 3, 52, -100, 34, 10, 47, 95, 123, -17, -24, 31, -6, -6, -5, 11, -30, -14, 16, 62, -83, 22, 20, -3, 4, 0, -2, -5, -4, 5, -5, 4, -8, 9, -5, 2, -4, 3, -1, 4, 3, -1, -12, 87, -3, -101, 18, 30, 1, -2, 3, 0, -3, -4, 2, -5, 9, -64, 63, 35, -19, 9, 6, 51, -37, -32, -11, 3, 28, -2, -25, 17, 
-46, 51, 41, 31, -115, 19, 30, 5, 3, 17, 9, 22, -77, 29, -18, -2, -10, -33, 99, -10, -48, 17, 6, -32, 24, -23, -55, 122, -81, 26, 27, 9, 126, -38, -52, -27, -24, -9, 6, 5, -18, -23, 39, 27, 13, -57, 19, 0, 7, -1, -1, -3, 3, 0, -1, 2, -3, 4, -2, -5, 3, 3, -1, 0, -1, 4, -1, -6, 28, 87, 110, 33, 21, 3, -3, 3, -2, 4, 1, -3, 4, -12, -55, 65, 10, -7, 3, 23, 37, -56, -3, -17, 12, 12, -21, 2, 12, 
-43, 52, 31, 43, -108, 11, 33, 4, -12, -1, 4, 17, 11, -34, 2, -2, 13, 36, -88, 89, -41, 21, -7, -8, 17, -12, 38, 120, 104, 18, 4, -98, 38, 77, 64, 39, -3, 2, -14, 5, -27, -10, 30, 10, 14, -61, 18, 14, -11, 8, 5, 0, -5, 0, 1, -3, -2, 3, -1, -3, 2, -6, 7, -2, 2, -1, -2, 3, -16, -93, 44, 41, 14, 5, -4, -3, -2, -1, 4, 1, -1, -20, -24, 56, -15, -7, 15, 41, -35, -4, -6, 0, 14, 15, -21, 9, 3, 
-57, 50, 37, 50, -117, 10, 31, 7, 4, 16, 4, 36, -63, -1, 3, 0, -35, 8, -15, 21, -9, -20, 31, -27, -17, 38, -39, -13, -5, -13, 39, 8, -72, -86, -54, -4, 39, 72, -19, -18, -5, -1, 17, 35, -17, -30, 26, 0, 3, -1, -2, 6, -9, -2, 1, -4, 3, -3, 5, -4, -1, 1, -2, 7, -5, 5, 1, 2, -11, 101, -113, 10, 15, 6, -6, 1, -5, -2, 2, 5, -6, -15, -20, 71, 3, -6, 25, 25, -50, 8, 1, -13, 27, -23, -14, 26, -4, 
-63, 37, 42, 42, -99, 5, 26, 5, -1, 11, -12, 56, -35, -12, -23, -12, 65, -12, -14, 7, -7, -11, 14, -12, -15, 21, 35, -42, 68, 68, -86, 91, 15, -42, 5, -13, -3, -40, 17, -35, 5, 9, 4, 46, -57, -10, 20, 3, 0, 0, 3, -4, -2, 3, -3, -2, 1, -2, 0, 2, 4, -6, 1, -1, 3, -1, 2, -6, 0, 38, -9, -36, 32, 22, 13, 8, 2, 0, -2, -6, -6, -1, -35, 13, -4, 13, 25, 17, -43, 11, -13, 17, -17, -28, 38, -7, -10, 
-60, 31, 27, 39, -70, -13, 33, 8, -4, 11, -7, 42, -5, -23, -14, 50, -25, -24, 9, 12, -11, 22, -2, 2, 36, -49, 5, -24, -65, 36, 39, -121, -127, 77, -42, -4, 5, 5, -15, -24, 4, 18, 8, 49, -84, 20, 13, 2, -1, 6, -3, 2, 2, -4, -2, 5, -3, 3, -4, 1, -9, -1, 2, -1, 5, 1, -2, 7, -3, -3, 68, -15, -27, 3, 13, 20, 25, 21, 11, 4, -12, 9, 22, -57, -44, 44, 41, -15, -9, 3, -13, 23, -42, 29, 6, -19, -1, 
-53, 20, 45, 46, -87, -13, 29, 7, -4, 12, 12, 5, -17, -12, -7, -3, -13, 5, 13, -18, 34, -23, -4, -30, 9, -6, 8, 120, -107, -59, -36, 9, 79, -87, 10, 0, 6, -21, -7, -14, 20, -6, 39, -2, -68, 44, 1, 2, 3, 3, 2, 2, 4, -5, 2, -3, 2, 1, 2, 0, 2, 5, -10, 3, 0, -2, 4, 1, 4, -4, 80, -60, -56, -38, -27, -8, 8, 18, 25, 33, 25, 38, -43, -51, 22, 38, 39, -14, -3, -35, 43, -48, 10, 13, -4, -14, 24, 
-71, 4, 48, 47, -59, -35, 32, 3, 3, 7, 21, -9, 21, -20, 7, -14, -9, 20, 6, -26, 12, 17, -18, 13, 0, -33, 17, 32, 80, -78, 65, -2, -67, 24, -15, 4, -1, -11, -8, 0, 30, 2, 77, 118, 35, 22, -5, -5, 3, 4, -9, 4, -3, 1, -7, -2, 4, -1, -2, -3, -2, 2, 1, -5, 1, 1, 0, 3, -2, -7, 61, -27, -36, 12, -14, -25, -36, -32, -21, -20, 38, -28, 22, -41, 35, 44, 13, -26, -53, 24, -10, -19, 31, -6, -7, 9, 15, 
-38, -19, 48, 61, -67, -36, 34, 9, -9, 8, 45, -55, 18, -27, -11, -7, 25, -12, 1, -10, 14, -6, 9, -8, 2, 3, -68, -5, 102, 29, -39, 30, -42, 6, 4, 6, -12, -27, -3, 14, -10, 98, -100, -37, 47, 5, -2, 1, -4, -4, 8, 0, -1, 2, -4, 2, -6, -2, 4, 3, -1, -4, -3, 6, -1, 4, -3, 5, -3, 1, 19, 61, -86, 28, 10, 9, -4, -13, -34, -46, -103, 66, 63, -64, 42, 84, -3, -64, 1, 9, -39, 47, 5, -11, -17, 15, 17, 
-10, -25, 28, 54, -34, -45, 25, 14, -7, 18, 21, -26, 46, -51, 14, 24, -27, 6, -8, 17, -15, 28, -24, -10, -11, 1, 30, -88, -31, 91, -6, 58, -30, -6, 2, -10, -19, 0, -5, 29, 94, -68, -83, 62, 9, -1, 0, 2, 1, -1, 1, 0, 6, -4, 3, -7, 3, -7, 2, -6, 7, -3, 0, -4, -3, 5, 2, 0, 3, -3, -12, 125, -128, 18, 14, 6, 11, 11, 2, -28, -112, 127, -30, -12, 106, 37, -112, -10, 25, -47, 38, 20, -24, -18, -2, 41, -16, 
7, 10, 27, 41, -13, -58, 30, 8, -3, 8, 38, -29, 7, -18, -8, -9, -6, 15, -7, -26, 18, -41, 51, -41, 22, 3, 2, 9, -22, -24, 41, -40, -10, 10, -4, -12, -4, 24, 60, 73, -108, -76, 54, 13, -4, 1, 5, 1, 0, -6, 4, -6, 3, -4, 1, -2, 5, -7, 3, -3, -2, -2, 7, -6, -1, -1, -2, 5, 2, 2, -9, 70, -41, -34, 18, 4, -5, 8, 1, -5, -64, 35, 58, 67, 15, -102, -27, 27, -51, 19, 35, -17, -14, -13, 32, -10, 18, 
40, -32, 24, 44, -22, -56, 28, 9, -1, 7, 40, -28, 12, -34, 14, 5, -4, 2, -1, -26, 65, -41, 54, -44, 1, -21, 32, -11, -39, 88, -69, 15, -28, 10, -6, -11, 28, 0, -60, -104, 5, 47, 5, 2, -1, 4, -2, -2, 7, -3, 2, 3, 2, 5, -2, 4, -5, 4, -7, 2, -2, 0, -4, 2, 2, -7, 0, 0, 1, 1, -3, 32, 35, -79, 11, 8, -3, 5, -11, 16, -58, 66, -127, -62, -78, -23, 32, -34, 21, 49, -4, -27, -25, 19, 12, 13, -20, 
-1, -18, 17, 26, -18, -49, 13, 10, 2, 3, 50, -3, -45, -3, -5, 4, -1, 25, -17, -14, 39, -74, 66, 44, -79, 88, -113, 96, -78, 61, 68, -29, -4, 8, -3, -19, -40, -28, 4, 39, 27, 3, 5, 0, -4, 2, -5, 5, -9, 5, -3, -1, 2, 2, 0, -1, -4, -1, -1, -5, 1, -2, 4, -3, -3, 6, 2, 1, 0, 2, 2, 5, 91, -102, 8, -7, 14, -6, -3, 22, -3, -15, -39, -59, 3, 26, -27, -5, 50, -3, -23, -41, 20, 14, 16, 12, -16, 
-10, -47, 17, 49, -2, -63, 19, 14, -1, 18, 46, -89, 19, -11, -9, 6, 2, -27, 46, -61, 59, -73, -3, 99, 115, -128, -45, -12, 11, -14, 35, -58, 3, -3, -23, -6, 26, 33, 15, 5, 2, 2, 3, -1, -5, 4, 8, -9, 7, -4, 6, -4, 5, -3, 3, -3, 9, -5, -5, 3, -1, -5, -1, -3, -1, -2, -1, -3, 1, 0, 6, -10, 95, -93, -9, 12, 5, 2, 10, -2, 8, -9, -21, -2, 33, -18, -14, 38, -22, -16, -5, -28, 25, 23, 12, -7, -11,
