5, 1, 1, -1, 0, 2, 0, -2, -1, 0, 0, 0, 2, -2, 0, 1, 24, 59, -1, -34, -14, -46, -10, -7, 4, 8, 10, 14, 9, 4, 8, 0, -34, 24, -2, 7, 18, 3, -9, -5, -8, 1, 3, -5, -2, 1, 2, 0, -12, 16, 4, -19, -6, 11, 2, -10, -1, -1, 3, -1, 1, -2, 4, 0, -2, -3, -2, -15, 18, -19, 14, 62, 17, -29, -27, -28, -17, -11, -9, -15, 1, -54, -81, -4, 32, -54, -57, 9, 54, 12, 3, -2, 2, -3, 3, 1, 0, 
1, 0, -2, 1, 2, 0, -2, 1, 2, -2, -1, 0, 0, 3, 8, 41, 31, -35, -44, -16, -31, 21, 1, -17, -4, -13, -25, -6, 7, -11, -13, 19, 12, -22, 32, -12, -1, 30, 9, -7, -2, -7, 1, -10, -15, 14, 1, 7, 3, -4, 26, -9, -8, -2, 6, 3, -6, -3, -1, 1, -3, -2, -1, 6, -1, -8, -3, 0, -12, 22, 17, -26, -26, -1, -1, -3, 6, 2, -1, -12, 16, 33, 1, -51, 2, 115, 27, -91, -71, 36, 22, 15, 0, 2, -3, 2, 2, 
2, -3, 1, -2, 0, -2, 1, -2, 0, 1, 2, -2, 2, 15, 43, -6, -76, -22, 6, -19, 31, 12, -21, -15, -19, -2, -4, -16, 15, 6, -7, -37, 24, 1, 10, 13, -48, -2, 44, -11, -1, 2, -8, -3, -8, -5, 18, 0, 10, 6, -2, 29, -19, 7, -1, 2, 2, -7, 3, -2, 3, -4, -2, 4, 14, -5, 5, -3, -4, 2, -14, -9, 8, 1, -5, -3, 2, -1, 1, 1, -14, -12, 12, -4, -61, -53, 70, 99, -8, -105, 2, -10, 18, 3, -1, -1, 1, 
3, -2, 2, -1, 2, -1, 2, 0, -2, -2, -1, 4, 22, 42, -28, -74, 0, 44, -15, 24, 17, -1, 28, 38, 17, -9, -3, -16, -32, 36, 29, 1, -49, 1, 9, 29, -19, -57, 26, 27, -11, -1, 5, -6, 16, -34, 11, -5, 0, 17, 0, 0, 9, -11, 14, -21, 14, -11, 6, 1, 2, -5, 0, -13, 14, -8, 4, 1, -8, -7, -4, -3, 12, -14, -6, 5, -3, -2, -1, 3, 1, -6, -9, 12, 11, -45, -60, 48, 71, 31, -63, 28, -26, 18, 0, 2, 0, 
-1, 0, -2, 2, -2, 2, -2, 1, -3, 3, 2, 31, 30, -52, -76, 0, 65, -4, -18, -21, -12, -20, -28, -29, 9, 43, 34, 26, -27, -64, 40, 38, 0, -13, 2, 23, 55, -52, -48, 82, -23, 2, 25, -6, 10, -12, 9, 1, 4, 4, 12, -11, 13, -19, 26, -12, -3, 3, -8, 5, 1, -8, 0, -1, 3, 7, -5, 11, 9, -6, -8, 14, -11, -3, 14, -3, 2, 0, -7, 0, -7, 3, -3, -9, 14, -11, -56, -83, 36, 80, 19, -48, 28, -13, 12, 0, 0, 
0, 0, 0, -2, 1, -2, 0, 0, 2, 3, 33, 23, -74, -48, 37, 84, -15, -8, -19, 5, -3, -8, 4, 11, -16, -11, 9, 18, 55, -10, -56, 38, 27, 14, -30, 14, 56, 33, -85, 34, 6, -8, 13, 7, -5, 25, -8, -3, -3, -9, -1, -2, 21, -6, 4, -7, 1, 10, -4, -8, 17, -11, -5, 7, 0, 7, -17, 14, 0, 4, -7, 5, 7, 23, -5, -6, -3, -18, 10, -3, 12, 1, -4, -12, 11, 62, 27, -67, -80, 14, 98, -23, -11, 0, 7, 1, 1, 
1, 0, 0, -1, 1, -1, 0, 2, -2, 29, 26, -67, -63, 85, 62, -32, -12, -23, 18, -9, 2, 17, 4, -3, -2, -7, -10, -15, 28, 12, -13, -17, 24, 22, -22, -20, 15, 50, -29, -14, 28, -22, 19, -2, -24, 19, -1, -15, -7, -3, -9, 8, -11, 2, 1, 5, 1, 8, 0, -11, -4, -2, 3, 8, -14, 3, -2, 8, -10, 12, -8, 6, -1, -5, -13, -22, 8, 23, -3, -2, -3, -3, 6, -15, -19, 12, 41, 56, -59, -69, -34, -118, -46, 25, 3, 8, 0, 
-3, 1, 0, -1, 2, -1, 2, -2, 18, 23, -31, -65, 54, 50, 6, -14, -26, 2, -16, -20, 4, -3, -3, 8, -18, -17, -20, -10, -26, 49, -39, -3, 37, -20, 22, -41, -17, 11, 28, -39, 17, -32, 5, -20, -14, 3, -3, -23, 0, -8, -12, 1, -1, 3, 5, -4, -1, 0, -6, 0, -8, -2, 10, -6, 0, -3, 8, -14, 6, -7, 3, 0, -16, -18, 13, 39, 3, -20, -8, 1, 8, -3, -6, 0, -31, 17, 49, 25, 51, -45, -47, -48, 10, -29, 35, 3, 1, 
-2, 2, 1, 1, -2, 2, -2, 4, 34, -25, -44, 32, 33, -59, -17, -17, 18, 3, -2, 4, -15, -6, 5, -2, 20, 8, 1, -15, -8, -14, 33, -66, 26, -5, -19, -1, -35, -9, 8, -25, -15, -21, -11, -28, -12, -25, -5, -27, -18, -21, -7, -10, -3, 4, 4, -7, 3, 4, 9, -11, -5, -4, -2, 3, -1, 5, -7, 3, 2, 4, -38, -17, 12, 33, 14, -26, -13, 21, 10, 6, -11, 1, 2, 1, -5, -41, 3, 49, -7, 12, -15, 0, -11, -17, 5, 27, -1, 
-1, -1, -1, -3, 1, -2, -1, 27, -2, -13, -39, 39, -22, 48, -34, -7, -12, 1, 32, 15, 52, 21, -1, -4, -5, -4, 6, -3, -12, -22, 5, -7, -6, 6, -26, 0, -5, -28, -9, -22, 6, -1, -21, -9, 1, -6, -3, -3, 4, -1, -3, -23, -18, 8, -6, -1, -1, 22, -10, -11, 1, 0, 5, 0, -6, -13, -5, 3, -15, -19, 28, 44, 15, -13, -20, 16, 19, -12, 8, -10, 3, 4, 0, -3, 1, -4, -20, -37, -7, 38, -36, 56, -64, 2, -24, 27, 6, 
1, 1, -1, 3, 1, -1, 3, 31, 4, -58, 6, -20, 91, -16, -27, 13, -1, -10, -34, -1, -11, 1, 28, 6, 11, 9, -7, -6, -10, -30, -32, 42, -24, 24, -30, -31, 4, -12, -13, 20, -1, 4, -3, 18, 21, 13, 26, 25, 20, -2, -8, 2, 14, -8, 0, 5, 13, -20, -16, 8, -10, -11, -8, -8, -7, -11, 3, -7, 7, 26, -4, -29, -16, 3, 32, -2, -17, -7, 3, -1, -2, -7, -7, -3, 5, -11, 12, 4, 14, -12, -2, -28, 104, -83, -10, 23, 14, 
-2, -2, 2, 0, -2, 1, 13, 24, -50, -19, 21, 55, -1, -35, -2, 3, -3, -4, 2, 2, -16, -16, 0, 9, -2, 8, 22, -12, 8, -6, -12, 13, 18, 7, -18, -17, 18, 34, 2, -6, 14, 27, 26, 21, 11, 15, 15, 26, 22, 5, -25, 4, 19, -4, -10, -6, -20, -14, -5, -20, -9, -15, -32, -29, -9, 10, 14, 0, -17, -9, 1, 6, 10, -6, -17, -17, 2, 13, 11, -5, -11, 4, -1, 3, -11, 21, -7, -23, 9, 42, -9, -48, 51, 30, -73, 22, 19, 
1, 0, 0, -2, 2, -3, 24, 19, -78, 52, 30, -27, -45, -8, -6, -1, 9, 6, 13, -4, -3, 9, 3, 0, -3, 2, 15, -16, -6, -5, 8, 21, 13, 5, 20, 12, 7, 1, 15, 14, 15, 5, 3, 2, 3, 3, 3, 0, 8, 35, 19, -6, -37, -19, -28, -35, -24, -18, -22, -7, 4, -11, 11, 10, -7, -16, -19, 0, -7, 9, -12, -4, -9, -7, 2, 14, 4, -4, -1, -4, 9, 3, 7, -7, 16, -3, -13, 8, -20, 7, 8, -9, -32, 30, -50, 6, 24, 
-2, 3, -3, 1, -1, 0, 41, -34, -27, 43, -47, -35, 52, -42, -12, -5, -11, 4, 5, -10, -7, -16, -23, -32, -30, -40, -7, 24, -1, 7, 15, 0, 1, 6, 14, 16, 13, -4, 6, 7, -3, -1, 0, -1, 0, -3, -2, 0, -2, 7, 24, -2, -12, -25, -8, -3, -17, -1, 30, 19, 28, 38, 28, 27, 9, 0, -10, -23, -23, -16, 2, -9, 3, 15, 5, -13, -15, 1, -10, 5, 7, -2, 6, 8, -4, -5, 16, -6, -3, -13, 3, 5, -23, 19, -20, 15, 20, 
1, 0, -1, 3, -3, -2, 48, -42, 23, -29, -63, 107, 0, -19, 51, -40, -7, -1, 10, -6, 7, 4, 9, 19, 15, 8, 13, -14, -9, 12, 3, 0, 0, 12, -4, -1, -9, 3, -1, -2, 3, 0, -2, 3, 3, 1, 3, 4, 2, 1, 7, 19, 30, 7, 6, 12, 29, 37, 22, 17, 2, 2, 11, 11, 20, 11, 17, 11, 21, 2, -13, -5, -18, -17, -7, 3, 8, 0, -2, -3, -3, 2, -3, -4, -5, 6, -6, -1, 1, 2, -13, -6, -1, -10, -6, -19, 48, 
0, -2, 2, 0, -1, 2, 52, -47, -10, -55, 42, 70, -57, -3, 83, -30, 5, 8, -6, 4, 23, 35, 24, -19, -18, 20, -8, -8, 6, 6, -9, 5, 4, 3, -7, 2, 7, 3, -1, 2, 2, 3, -3, -2, -1, -1, -3, -1, 1, -2, 3, 1, 7, 13, 18, 20, 14, 4, 2, 1, 2, 1, -2, 5, 0, 12, 14, 22, 15, 12, 17, 14, 5, 1, -11, -19, 6, 7, -5, -11, -2, -13, -5, -2, -7, 1, -3, -1, 1, -7, 26, 0, -10, -4, -1, -65, 32, 
-2, 2, -1, -2, 1, 9, 41, -55, -1, -24, 21, 82, -59, 12, 27, -18, -3, -7, 9, -1, -12, -32, -33, 12, 28, -15, -7, 12, 2, 2, 10, 1, -3, -5, 3, 0, 1, 3, 4, 3, 0, -6, -2, -1, 2, -3, -2, -4, -3, -1, -2, -2, 2, 2, 1, -2, 2, -1, -2, 0, 3, 1, 1, 1, 0, 0, 1, -3, -4, 5, -5, 4, -4, 5, -1, 6, -22, -21, -4, -2, 8, 15, 10, -1, -2, 12, -6, -4, -3, -7, 3, 20, 0, -7, 3, -42, 8, 
1, -2, 2, 1, -2, 17, 32, -67, -27, 49, 28, -28, -43, 23, -14, -10, -3, -4, -13, -12, 0, 10, 32, 0, -20, 5, 2, -6, 16, 12, -5, -1, -5, 2, 4, 2, -5, -1, 0, -3, 0, 2, 4, 2, 0, 2, 1, 0, 1, 4, 0, 1, 0, 0, 0, 0, -1, 2, -1, 1, -3, 2, 2, 0, 2, 2, 1, 5, 4, -2, 13, 9, 11, 10, 16, 4, 8, -1, -2, 1, -11, -10, -10, 2, 14, 6, 4, 5, -2, 2, -7, -6, 4, -1, 0, -16, -52, 
-2, 2, 0, -1, -4, 29, 5, -9, -35, -7, 19, 69, -40, -18, -6, 2, -5, 1, 7, 7, 3, -7, -10, -8, 1, 6, -7, 5, 7, -7, -2, -6, 5, 7, -2, -1, 4, 2, -3, -1, 6, 1, 1, -1, 3, -3, 2, 0, 2, 2, -1, -1, 0, 0, 0, 0, 2, -1, 1, 0, 3, -2, -6, 4, 1, 0, 0, 2, 2, 4, -7, 1, -3, -3, -1, 6, 12, 2, -3, 0, -10, -3, 0, 15, -13, -8, 0, 1, -3, 1, -2, -3, 1, -1, 0, -6, -31, 
-1, 0, -2, 1, 2, 21, -3, -22, -49, 65, 47, -72, -21, 31, -1, 0, 0, 0, 2, 3, -6, 7, -3, 1, -3, -18, -1, 0, -2, 5, 5, 3, 0, 1, -1, -5, -4, 0, 5, 2, 0, 5, -1, 1, 2, 2, 0, -1, 3, -2, 0, 4, -2, -1, 0, 0, -2, -4, -2, 1, 1, 3, 2, -4, 4, 5, 0, -3, 1, -1, -1, 3, -3, 7, 2, -4, 6, 5, -11, 0, 9, -6, 8, -9, 2, 4, -4, -2, 3, -1, 1, 1, -1, -2, 0, 2, -31, 
-4, -1, 1, 3, 4, 4, 31, -36, -34, 34, -15, 50, -23, -10, -4, 2, -2, 2, -6, -11, 11, 13, 0, -7, -17, 0, 11, 12, 2, -2, 3, -2, -2, 1, 5, 5, -1, 0, 2, -1, 3, -3, -5, 0, 1, -1, 3, 2, 0, 3, -2, 1, 3, 4, 0, 5, 0, 4, -4, 1, 1, -2, -2, -3, -2, 4, 1, 2, 4, -1, 1, 5, 1, 0, -1, 6, 11, 6, -1, -11, -5, -1, -1, 3, -1, -1, 0, -3, -4, -1, -1, -2, 5, 0, 0, -8, 11, 
0, -2, 0, 3, 0, 9, 31, -48, -19, -8, 35, 15, -24, 2, 2, -4, 0, -5, -1, -2, 20, -14, -13, -14, -5, 11, 10, 8, 0, 0, 1, 2, 6, -3, 2, 4, 7, -4, -3, 5, -4, -4, 2, 1, -1, -1, -2, -4, 1, -2, -1, -5, 4, -1, -3, -1, 3, 1, 1, 0, 5, 1, 1, -4, 4, -2, 1, -2, -1, 0, 0, 3, 0, 2, 1, -1, -3, 13, 9, -5, -16, 3, 4, 0, 12, -1, 0, 3, 4, 2, 3, -4, 8, -2, 0, -6, 0, 
-1, 3, -1, 4, -5, 16, 18, -37, -4, 6, 6, -6, -9, -1, -1, 0, -3, -4, -7, 34, -22, -8, -4, 1, 16, -1, -11, -3, 6, 1, 2, 13, 2, -2, 3, 6, 2, 2, -2, 4, 2, 0, 1, 2, 1, 0, -1, 3, 2, -5, 0, 4, -3, 1, -4, -1, -5, 5, -3, -1, 5, 2, 5, 3, -5, 5, -3, 3, -4, 6, 7, -1, -1, -3, -9, 5, 4, -7, 8, 4, 2, -18, -6, 2, 1, 0, -1, -2, -3, -5, -2, -4, 5, -1, -2, -1, -10, 
1, -3, 0, 3, 1, 4, 8, -15, 21, 9, -30, -17, -1, 0, 0, 0, -4, -3, 9, 8, -14, 8, 4, 3, -8, -14, -10, 8, -2, 11, -5, 5, 0, 7, -4, 4, -5, 0, -4, -5, 5, 1, -1, 0, -4, 1, 0, -2, 2, -1, -1, -2, 2, -3, 2, 2, 1, 0, 0, -1, -7, 2, 1, -2, 4, 0, 1, 6, -2, -2, 4, -3, -2, -6, 4, 8, -3, 5, 3, 4, -3, -4, -6, -10, 0, 8, 0, -1, -8, -4, 6, 6, -5, 0, 1, -3, -4, 
-2, 2, -2, 1, 10, -9, -7, 46, -5, -3, -31, 12, 11, -8, 1, -1, 0, -6, 16, -8, 2, -1, -15, -7, -7, 5, 8, 1, 0, 0, 7, 3, -1, 6, -5, -6, -1, 3, -4, -3, 2, -2, -5, -1, 5, -1, 0, -1, 1, 1, 1, 4, -3, 0, -3, 3, 1, 2, -1, 5, -3, -4, 5, -2, 1, -3, -2, 1, 5, 8, 1, -4, 7, -3, 2, 8, -4, -1, -10, 7, 6, -1, -3, 8, -11, -6, 4, 7, 9, 5, -6, -3, 2, -1, -3, 16, -8, 
2, -1, 2, -1, 11, -8, -15, 85, -27, -45, 23, 30, -8, -5, 1, -1, -2, 4, 6, -7, -1, -6, 1, 1, -2, 10, -5, -13, 9, 1, -4, -2, -1, 0, -8, -3, 4, 0, 0, 2, -1, 1, 2, 2, 2, 0, 3, 0, 3, 4, 2, 0, -1, 1, -2, 1, 1, -1, 1, -1, 1, 3, 2, -2, -9, -6, -2, 8, 5, 4, -1, 1, 9, 1, -6, 1, 4, -12, 3, -14, 5, 14, -9, -4, 2, 0, -4, -6, -3, 2, 3, -3, 5, -1, -4, 3, -4, 
1, -1, 1, -1, 5, 9, -21, 71, -60, -44, 5, -15, -2, 1, 0, -1, 1, 0, -1, -3, -1, -8, 0, 3, 6, -1, -7, -1, 15, 8, -1, -3, -2, -2, -7, -4, 9, -3, 6, 2, 3, -1, 0, -6, 4, -3, -8, 1, 0, -9, 4, -3, 0, -7, 4, -2, -5, 3, 2, 1, 0, 6, -9, 1, -5, 7, 1, -3, -3, 6, -1, -9, -5, 14, 0, -5, 4, 5, 8, -1, -17, -8, 15, 0, 9, 5, 16, 4, -6, -4, -5, 0, 5, -1, -1, -3, -1, 
2, -1, 1, -1, 0, 22, 24, -57, -41, 95, -35, -6, 1, 0, 0, 0, -2, 1, -5, 0, -1, 0, -4, -7, -4, -1, -6, 3, -9, -2, 3, 1, 1, 8, -1, -4, 0, 2, 1, 0, 1, -2, 1, 7, 0, 6, -5, 1, 2, -5, 2, 2, 0, 5, -1, 3, -2, 2, 1, -4, 2, 1, -2, 5, -3, 5, -2, 1, 13, -4, -2, -3, 10, 11, -1, 5, 11, -1, -4, -1, 1, -4, -8, 18, -6, -13, -10, 0, 5, 3, -1, -5, 3, 0, 0, -11, 18, 
-3, 0, 1, -2, 1, 11, 60, -105, 48, 59, -20, -3, 0, 0, 0, 0, -2, 1, 2, 0, 2, -3, -13, -8, -10, -12, -1, -13, -2, 4, 2, 4, 2, -7, 2, 6, -2, -4, 7, -1, -6, 6, 4, 3, -2, 1, 3, -2, -1, 0, -8, 3, -1, 3, -2, 2, -4, -1, -1, 7, -2, 2, -2, -5, -3, 0, 4, -4, 1, 1, -3, 3, 7, 1, 1, -7, -9, -3, 8, -6, 1, -5, -8, -4, 11, 5, 3, -6, -8, 1, 1, -1, 0, 2, -1, -2, 2, 
2, -1, 0, 2, -2, 45, -30, -25, 80, -65, -10, 0, 0, 0, 0, -1, 3, 2, -2, -1, -5, -2, -10, -12, 20, 22, 4, -3, 8, 0, -2, 2, 0, -4, 3, 5, -3, -2, 7, 12, 9, 15, 5, 9, 11, -8, 2, 5, 9, -2, -1, 0, -1, -2, 3, 6, -1, -5, -1, 0, 8, -4, 0, -2, 3, 4, 0, 7, -5, -19, 0, -1, -1, 2, 3, -1, -3, 0, -14, -1, 16, -11, -3, -8, -2, -6, 1, 12, 8, 2, -1, 4, -3, -1, 0, 0, -11, 
1, -1, 0, 0, 8, 36, -54, 60, -50, -10, 3, -2, 0, 0, 0, 0, -1, -1, 0, 0, -2, -18, -26, 3, 17, 6, -9, -19, 13, 10, -11, 11, 11, -1, 7, 5, 10, 29, 25, 19, 20, 21, 27, 38, 16, 27, 27, 8, 2, 2, 1, -1, 3, 6, 3, 3, -3, -5, 3, 4, 3, 13, 6, -2, 3, 7, 1, 4, -7, 5, -2, -10, 2, 13, -4, -1, 4, -3, 2, -10, -6, 7, -9, 1, -3, 4, 3, -9, -1, 4, -2, 1, -1, 0, 1, -10, 16, 
2, -1, 0, -1, 18, 35, -48, -42, 4, 71, -18, -6, 1, 0, -1, 0, 0, 0, -1, -1, -12, -16, 1, 16, 7, 9, -7, 3, -6, 8, 18, 48, 42, 33, 34, 32, 36, 21, 2, 22, 16, 6, -46, -8, 6, 52, 3, -26, -1, 12, 5, 8, 10, -10, -8, 8, 1, 3, 7, 7, 1, 8, -6, 0, 2, -4, -4, -10, -5, 2, -10, 11, 0, -10, 4, -1, -1, 1, -3, -2, 2, 4, 5, -3, -1, 1, -5, 4, 1, -5, -1, -1, 0, 1, -6, -8, 41, 
-2, 0, 0, -2, 30, 28, -39, -5, 21, -18, -6, 1, 0, -2, 4, -1, 0, -2, 2, 1, -23, -10, 29, 15, 1, -15, 4, 24, 29, 40, 29, -15, -30, -12, 21, 12, -13, -46, -58, -34, -46, -32, -15, -49, -50, -2, -9, -6, 31, 12, 8, 5, 1, -17, 18, 14, 11, -15, -3, 15, -2, 0, -7, 12, 0, 17, 11, 1, 0, -6, -2, 1, 0, -8, 1, -7, -12, 10, 3, -19, -9, -1, -3, 0, 0, 2, 3, 0, 0, -1, 0, 0, 0, 0, -1, -2, 3, 
-2, 0, -2, 5, 51, -36, -31, 2, -11, -4, 0, 0, -2, 4, -2, 0, -2, 1, 1, -9, -29, 22, 19, 10, 1, 25, 41, 47, 61, 3, -63, -57, -24, -16, -32, -43, -36, -14, 7, 2, 9, -12, -25, 17, -18, -48, 0, -26, -5, 17, 2, 10, -3, -19, 36, 17, 17, 20, 13, 22, 43, 24, 20, 18, 36, 23, 20, 23, 21, 4, 9, 5, -20, -2, 0, 6, -1, -4, 10, 0, -18, 0, 3, -3, -2, 2, 2, -2, -3, 0, 0, 0, 0, 0, -3, 3, 0, 
2, -3, 2, 20, 21, -20, -19, 0, 0, 0, 0, -1, 4, -1, 1, -1, 0, 4, 1, -16, -19, 26, 11, 17, 17, 0, -20, -44, -56, -37, -7, 7, 0, -6, -12, -8, 3, -3, -10, 0, -4, 0, -4, 32, 16, -77, -14, -12, -25, 19, 13, 16, -3, -53, 40, 24, -2, -26, -19, -3, -8, -5, -11, -4, -7, 10, 5, 39, 50, 40, 34, 30, 34, 14, 1, -2, -5, 8, 16, 2, -7, -12, -3, -1, 1, -4, -4, 6, 2, -1, 0, -1, 0, -1, 2, -3, -9, 
0, 2, 5, 18, 27, -18, -14, 1, 0, 0, 0, -5, -6, -6, -4, -3, 4, 0, -3, -24, -18, 37, 16, 19, -20, -50, -53, -6, -15, -10, -24, -19, -53, -51, -40, -38, -47, -53, -36, -34, -26, -39, -19, -7, -4, -17, 22, -19, -44, 31, 14, 13, 10, -57, 11, -25, -39, 8, 2, -21, -29, -23, -19, -22, -32, -31, -47, -52, -7, 2, 2, -4, 14, 9, -6, -3, 4, -8, -1, 13, -6, -15, -3, 4, -1, 3, -1, -2, -1, 0, -1, 4, -1, -1, -1, 14, -9, 
1, -4, 17, 20, 1, -37, 1, -1, -1, 0, -10, -7, -16, -42, -38, -7, 4, -5, 2, -31, 6, 27, 13, 3, -17, -19, 6, -39, -37, -30, 1, 5, 28, 31, 34, 39, 56, 44, 12, 8, 4, 14, -1, -9, 2, 20, 7, -40, 5, 16, 9, 0, 14, -35, -15, -5, -22, -32, 2, -9, 11, 8, 4, 9, 4, -7, -2, 2, -28, -52, -34, -2, -19, 25, 43, 25, 3, 9, 3, 22, 14, -23, -3, -1, 1, -2, 0, 0, 0, 0, 0, -1, 0, 0, -1, -4, -9, 
0, 3, 24, 17, -41, -11, 0, 3, 2, -6, -10, 14, 6, 50, 21, -42, -25, 5, -7, -40, 16, 20, 20, -16, -32, -4, -14, 27, -3, 22, 31, 38, 55, 66, 56, 46, 30, 29, 20, 12, -2, -7, 17, 28, 14, -2, -5, 20, 13, -5, -5, -4, 8, 15, -42, -1, -5, -25, -11, -3, -13, -30, -17, -18, -27, -28, -37, -57, -31, -20, -16, -33, -34, -46, 3, 52, 31, 16, 8, 14, 19, -13, -11, 1, 2, -1, 0, 0, 0, 0, 0, 0, 0, -1, 2, -12, -7, 
0, 3, 47, -32, -34, 5, -1, -3, -3, -12, -4, 7, 24, 67, 61, 52, -21, -14, -18, -25, 34, 15, -11, -20, 10, 22, 21, 0, 41, 56, 55, 26, -9, -8, -2, -40, 18, -40, 19, 14, 33, 45, -7, -12, 6, 0, -3, 9, 7, 11, 7, 2, 10, 8, 15, -3, 23, 15, -3, -5, -29, -30, -20, -29, -13, -13, 18, 25, -6, -7, -26, -18, -19, -31, -46, -43, -50, -18, 24, 15, 18, -29, -10, 3, -2, 0, 0, 0, 0, 0, 0, 0, -1, 5, -11, 12, 19, 
-2, 15, 30, -48, -13, 4, -3, -3, 13, -7, -17, 9, -25, -32, 34, 66, -19, -19, -32, 4, 22, 10, 6, -18, -2, 10, 5, 27, 9, -32, -47, -66, -59, -74, -69, 50, -124, 87, -103, -25, -53, -33, 37, 12, -15, -17, -12, -1, 15, 12, 5, 13, 16, 20, -6, -5, -6, -9, -10, 10, 37, 43, 44, 44, 46, 62, 53, 41, 59, 59, 56, 26, 6, -22, -31, -25, -29, -27, 9, 20, 26, -13, -12, -3, 0, 0, 0, 0, 0, 0, 0, 0, 0, -1, -6, 17, 0, 
0, 17, 20, -39, -11, 11, -7, -5, 18, -7, -21, 12, 17, -19, -14, 5, -44, -20, -12, 14, 21, -3, 1, 7, -6, 5, 8, 1, -33, -41, -86, -41, 123, 37, -98, 99, -119, 56, -96, 116, 84, -38, -76, -13, 25, -17, -20, -2, 9, 6, 5, 3, 16, 2, -9, -11, -25, 12, 24, 4, -18, -32, -24, -35, -18, -25, 12, 32, 26, 2, 15, 37, 43, 20, 20, 7, -16, -33, -20, 16, 26, -6, -16, 1, -1, 0, 0, 0, 0, 0, 0, 0, 0, 0, -1, -1, -51, 
4, 4, 38, -33, -19, 5, -2, 0, -4, -5, -37, 20, 33, 5, 15, -22, -47, -10, -19, 22, 6, -1, -4, 5, 9, 7, 2, -5, -2, 0, 47, 18, -16, -23, -7, -42, -16, -17, -13, -5, -23, 8, -16, -37, 19, -2, -5, -2, 1, 6, 0, 7, 8, 9, 0, -18, 13, -13, -64, -30, 32, -120, -93, 63, -49, 8, -11, -96, -66, -14, 11, -15, 3, 29, 19, 14, 9, -23, -24, 17, 18, -8, -10, -4, -1, 0, -1, -1, 0, 0, 0, 0, 0, 0, 1, -10, -57, 
1, 8, 46, -32, -22, -2, 8, -9, 0, -6, -41, 39, 13, -11, 36, -4, -12, -5, -14, 23, 3, -2, 7, 5, 8, 5, 2, -9, 14, 12, -20, 3, 15, 29, 48, 29, 35, 31, 25, 12, 13, 9, 31, 49, -8, -25, 3, 6, 9, 6, 1, 5, 7, -8, 2, -13, -8, 7, -27, -19, -25, 49, -31, -38, -53, -25, -39, -25, 88, -59, -71, -16, -12, -7, 14, 13, 9, 2, 11, 4, 18, -11, -16, 0, -6, -3, -1, -2, -4, 0, 0, 0, 0, 0, 3, -33, -27, 
1, -2, 41, -15, -33, -6, 27, -9, -2, -6, -41, 47, -14, -15, 35, 23, 32, -48, -4, 22, 2, -5, 10, 2, -6, 8, 1, 7, 3, 7, 9, 0, -12, -12, -7, 0, -1, -4, 3, -9, -14, -9, 2, -18, -6, 3, -6, 0, 8, 5, 2, 8, 1, 7, -4, 1, -17, 19, 37, 14, 10, 4, 36, -6, -6, 5, -43, 17, 3, 11, -6, -49, -20, 4, 4, 1, 8, 5, -6, 0, 17, 4, -24, 9, -6, -5, -1, 6, 0, -3, 0, 0, 0, 1, -3, -53, 2, 
-1, -1, 37, -2, -41, -10, 20, -1, -2, -10, -39, 46, -23, 2, 15, 62, 44, -73, 6, 17, -1, -7, 2, 2, 11, 3, 2, -1, 5, 4, 6, 1, 5, 0, -4, 3, 3, -2, -3, 5, 8, 14, -3, 2, 10, 1, -11, -2, 10, 2, 0, 5, 10, -10, -1, 1, -5, -16, 7, -7, -16, 1, 16, 29, 17, 39, 38, 12, 14, 23, 10, 3, -9, -19, 3, 10, 4, -1, 7, 1, 13, -2, -13, -1, 6, -6, 12, -7, 10, -9, 0, 0, 0, 2, -20, -26, 60, 
2, 0, 21, 33, -59, -13, 4, 12, -2, -5, -41, 36, 16, 26, 22, 15, -35, -54, 21, 11, -12, 7, 4, -5, -3, 5, 4, -3, -4, 4, 4, 10, 8, 8, 11, 5, 7, 8, 9, 7, 7, -3, -2, 13, -5, 5, -2, -11, 4, 6, 2, 2, 4, -2, -4, -1, -1, 7, -7, 19, 6, -9, -17, -8, 3, -5, -4, -6, -17, -21, -8, 9, 24, -1, -11, 10, 11, 11, -4, 0, 20, 1, -28, 5, 14, 1, -2, 9, 11, -2, -2, 0, 0, 2, -15, -60, 65, 
0, 0, 1, 50, -14, -55, -1, -3, -4, 0, -39, 6, 33, 29, -8, -12, -35, -36, 29, 1, 0, 7, -4, -2, 2, 1, 2, 7, 1, 2, 1, 2, 1, 6, -3, 2, 5, 0, 3, 6, -8, 2, 7, -7, -3, 1, -5, -1, -1, 4, 3, 8, 3, -2, -4, 1, -2, 5, 4, -1, 16, 15, 9, 4, 2, -1, -6, -9, -2, 7, 10, 5, 3, 12, -2, 6, 8, 3, 5, -3, 12, -3, -15, -20, 5, 11, -17, 3, 3, -5, -2, -1, 1, -10, -30, -45, -20, 
-1, 0, -1, 17, 52, -46, -33, 2, -21, 6, -24, -4, 18, -11, -31, 22, -24, -43, 12, 13, -5, -4, 2, -1, 3, 4, 6, 4, 5, 3, -1, 0, -5, 0, 6, 0, -2, 1, -2, -8, -1, 5, -3, -7, 9, -2, 1, 2, 7, 6, 7, 11, 7, -4, 5, 2, -5, -4, 2, -1, -2, -1, 8, 15, 11, 9, 10, 16, 12, 13, 9, 4, 6, 1, 13, -7, 1, 2, -7, 1, 10, 8, -17, 4, -18, 8, -4, 1, -6, -3, 0, 2, -6, -11, -40, 71, -49, 
3, -1, 0, -3, 32, 46, -73, 7, -6, -25, -13, 4, 44, -23, -16, 78, -15, -49, 12, 17, -5, 3, 1, 0, -14, 14, 11, 1, -1, -1, 4, 0, 6, 3, -7, -6, 2, -5, 1, 5, 0, -2, -1, 9, 1, 2, 9, -1, 0, -2, -5, -5, 8, 3, -6, 1, 4, -6, -2, -9, 3, -2, -3, 3, 4, 8, 4, 1, 2, 4, 1, 2, 4, 9, 7, -2, -9, 5, 0, -2, 5, 11, -20, 11, -5, -8, 9, 9, -6, -1, 3, 1, -21, 11, -32, 77, -8, 
-2, -1, -1, 3, 3, 41, 17, -53, 53, -35, -35, 14, 53, -12, 4, 62, -17, -64, 19, 6, -2, -10, -4, 0, -3, -2, 5, -6, 3, 3, 8, 4, -9, -1, 2, -1, 2, 1, 1, -2, -5, -5, 13, -7, -3, 1, -1, -7, -5, -2, 4, -11, -8, -3, -10, -6, 5, 5, 4, -5, 4, 5, -2, -5, -7, -1, 9, -2, 2, 0, 2, 2, 1, 4, 6, -1, -1, 1, -6, 2, 13, 0, -17, -14, 18, 7, -13, -9, -7, 6, -1, -5, -17, -16, -16, 61, 16, 
2, 2, -2, -1, -7, 4, 51, -12, -25, 16, -52, -1, 43, 11, -13, 67, 13, -56, 11, 8, 0, 0, -4, 4, 2, -5, 0, 3, 6, 8, 4, -9, 2, 1, 0, 3, -5, 0, -1, 4, 4, 17, -9, -16, -8, -8, -3, -5, -2, -1, 3, 13, -4, -16, 2, -19, -8, -5, 4, 3, -2, -8, 1, 0, -1, -11, -1, 5, 1, 11, 3, 4, 8, 3, -1, 6, 0, -5, 0, -5, 18, 0, -17, -19, -7, 21, 45, -4, -17, 0, -2, -12, -1, -55, 18, 32, 20, 
-1, -1, 1, 1, 2, -1, 8, 49, -17, -38, -38, -6, 14, 13, -24, -16, -16, -46, 15, 9, 2, 3, -6, 2, 3, 0, 5, 5, -8, -4, -11, 4, 6, -4, 1, -1, 2, 0, -3, 5, 19, -16, -23, -1, -5, -17, -9, -2, 2, 8, 3, 8, 20, 11, -13, -11, -12, -22, -22, 19, 8, -4, 6, 1, 0, -3, -8, -4, 4, -2, 5, 7, -3, 5, 6, -2, -2, -1, 4, -6, 17, -7, -12, -9, -34, 11, 62, -21, -13, 2, -3, -9, -34, -10, 51, -6, -1, 
1, 2, -1, 0, 0, 0, -2, 11, 48, -1, -70, -35, 37, -7, 1, 34, -23, -57, 11, 18, 3, -8, -4, -4, 13, 1, -11, 0, -3, 0, -1, 4, 2, -3, -1, 1, 2, 7, 4, 7, -4, -21, 13, 22, 8, 2, 3, 6, 15, 11, 3, 3, 24, 16, -7, -10, 11, 14, -13, -12, 12, 6, 3, -5, 3, 5, 3, 1, -3, -10, 5, -5, 10, 9, -2, 14, 1, 1, -9, 6, 20, -23, -34, 32, -30, -3, 57, -29, -9, 3, -2, -32, -39, 54, 24, 4, 6, 
0, 1, -1, 0, 0, 0, 0, -2, 11, 47, 16, -80, 13, 6, -5, 49, 39, -69, 3, 9, -14, 6, 6, 5, 1, 2, -7, 8, -5, 1, 4, 1, -1, 0, -1, 3, -2, 1, 6, 1, -21, 4, 28, 39, 73, 57, 17, -1, 12, 17, 9, 12, 16, 12, 2, 35, 75, 46, 20, -19, 2, 2, 0, 8, 4, -11, 6, 1, 6, -3, 3, -3, 2, -16, -13, 6, 1, -10, 4, 2, 13, -28, -27, 13, 29, -14, 30, -19, -6, 0, -9, -57, 49, 49, -1, 2, 2, 
-2, 1, -2, 0, 0, 0, 0, 1, 0, 4, 45, 9, -42, -12, 11, 7, 43, -38, -17, 9, -4, -6, 6, 6, 7, 1, -7, 3, -2, 2, 0, -2, -2, 1, 6, 5, -4, -1, 0, -12, -16, -3, 25, -13, -75, -21, 38, 35, 20, 16, 16, 13, 21, 31, 37, 6, -42, -26, 21, -1, -16, 2, 0, 0, 0, 2, 2, 0, -10, 4, 2, -3, -2, -1, 0, 0, 5, -4, 0, 4, 7, -33, 39, 5, 9, 18, -11, -8, -5, -2, -16, -51, 65, 22, -2, 1, 0, 
2, -1, 2, -2, 0, 0, 1, -3, -2, 3, 5, 35, -11, -17, -6, 23, 39, -17, -9, 11, -8, -9, 2, 15, -8, -1, -5, -4, -1, 2, 1, 1, 6, -1, -5, -3, 6, 7, 0, 0, -10, -14, 33, -47, -92, -110, 127, -62, 0, 4, -11, -3, 7, -63, -127, -122, -109, -43, 37, -19, -12, -5, 3, 7, 1, 1, 5, 1, 3, -7, -3, 7, 8, -1, -4, 5, 6, 5, 5, 4, -11, -33, -11, -16, 2, 6, -18, -15, -2, 7, -19, -57, 45, 21, -2, 1, -2, 
0, -2, 0, 2, -2, -1, 0, 2, -1, -5, 0, 15, 3, -18, 13, 8, 8, -30, 2, 2, -4, 3, 4, 6, -4, 11, 0, -2, 3, 2, -5, 1, -2, 1, 1, 5, 1, 0, -1, 11, 20, -20, -28, 19, 65, 85, 63, -19, -10, -24, -30, -30, -14, -20, 41, 47, 63, 67, 3, -24, 10, 1, -2, 1, -2, 1, 1, 5, 2, 0, -1, -3, 2, 0, -1, -7, 6, 2, 0, 5, -37, -22, 27, 15, -13, 25, -12, -36, -9, 8, -24, -50, 53, 13, 0, 1, 3, 
2, 0, -2, 0, 1, 2, -2, 0, 2, -1, 0, 6, 16, -24, -8, 6, 35, -16, -20, 17, 6, -14, 1, -4, 9, 9, -5, 4, -4, 0, 3, 3, 1, 2, 4, -2, 2, 1, 5, 5, 15, 21, -19, -32, -17, 10, -26, -39, -1, 35, 44, 11, -9, -33, 12, 49, 14, -26, -36, 24, 12, 6, 0, 9, 4, 1, -8, 1, 8, -1, 4, 1, 11, -18, -1, 3, 1, 2, 4, 3, -60, 42, 52, 2, -6, 19, 6, 8, 3, -5, -54, -9, 53, -1, -1, 0, 0, 
-1, 2, 1, -2, 0, 0, 2, -2, 0, 2, -1, 2, 16, -2, -34, 12, 49, 3, -15, 1, 1, -4, -12, 4, 11, -6, -5, -1, 3, 3, 2, -2, 2, 4, 2, 5, 2, 7, 14, 14, 17, -5, 18, 20, 13, -7, -36, 23, 31, -14, 5, 10, 22, 12, -38, -22, -18, -6, 16, 10, 10, 5, 4, 2, -2, -2, 6, 1, 1, 1, -4, 3, 3, -32, 2, 9, 6, 4, -11, -12, -28, 55, 30, -5, -1, -14, 51, 60, -11, -13, -73, 25, 44, -1, -2, -4, -3, 
2, 0, -2, 2, -2, -1, 0, 2, -2, 0, -3, -1, 4, 25, -5, -51, -12, -14, -13, 0, -4, 13, -4, 8, -11, 8, 12, 0, -4, 8, 0, 2, 1, 2, 2, 11, 12, 18, 1, 2, -9, 12, -4, 8, 2, -5, 11, 18, -48, 16, 43, -32, 2, -1, -9, -2, -7, 2, 2, 21, 10, 5, 10, 9, 3, 1, 2, 2, 2, 1, -2, -2, 6, -7, -7, 17, -1, -1, 6, -22, -17, 20, 14, 27, 21, -36, 7, 5, -18, -34, -60, 62, 17, 0, 3, 0, 3, 
0, -2, 2, -2, 1, 2, -2, 0, 1, 1, 2, 7, -4, 15, 40, -35, -38, -26, 6, 13, -4, 2, -12, -11, -14, 2, 1, 6, -6, 0, -3, 3, 4, 11, 18, -13, 5, -22, -6, 5, 1, 2, -26, 0, -11, -11, -14, 19, 12, -24, 8, -34, 14, 16, -4, 24, 8, -30, 10, 11, -10, 7, 5, 14, 12, 6, 7, 8, -3, -1, 5, -1, 2, 11, 7, 3, 1, -14, 3, -18, 11, -1, -58, -55, 6, -5, -11, -26, -6, -63, 22, 54, 2, 0, 0, 2, -1, 
1, 0, -2, 2, -1, 0, 2, -2, 0, 0, 2, -4, -5, 5, 35, 5, -10, -26, -9, 9, 12, -10, 8, 9, 13, -3, 1, -3, 2, 4, 2, 1, 13, 15, -6, 0, -6, -2, 15, 13, -24, -21, 0, -8, -20, -13, -7, -1, -24, 40, 11, -24, 16, 9, -3, -28, -11, -7, -6, 11, 0, -8, 10, 14, 16, 8, -1, 0, -1, 10, -10, -3, -4, 20, 1, 5, -5, 7, 9, -13, 2, 56, -29, -17, 19, 26, -6, -15, -50, -54, 66, 32, 3, 2, 1, 2, 0, 
1, 0, 0, -1, -2, 0, 0, 2, -2, -1, 0, -1, 0, 3, 32, -6, -16, -32, -3, -1, 13, 7, 2, -4, -10, 6, 10, -2, 1, 7, 2, 10, 14, -14, -5, -29, -15, 6, -1, -11, -10, -11, 11, -28, -6, 7, 21, 14, -27, -16, -6, -5, -12, 12, -32, -9, 3, -21, -27, -13, 2, -28, -25, -14, -3, 14, 8, 5, 1, 10, 5, -4, 1, 2, -7, -19, 2, -8, 5, -27, 8, 42, 49, 26, 2, 10, -20, -35, -28, 2, -25, -17, -1, 3, -2, -2, 1, 
3, 1, 1, 0, 0, -2, -1, -1, 0, 1, 2, 0, 1, 0, 25, 1, -6, -22, -8, 1, -10, 9, 0, -3, -3, 8, -22, -5, 6, 2, 11, 15, -1, -40, -4, 2, -12, 3, 5, -22, -20, 0, -2, 10, 33, 5, 20, 34, -26, -63, 10, 2, 12, 35, 13, 5, -15, 2, -14, 1, -2, 2, -3, -24, -23, 22, 7, -2, 8, 1, 2, 2, 6, -14, -7, 8, -3, 3, 5, -11, -12, 12, 8, -31, -12, 0, -46, -45, 59, 64, 24, 4, -2, 0, 2, 2, 0, 
0, -1, -2, 2, 1, -1, 0, 1, 2, -1, 1, -2, -1, 0, 13, 16, 1, -31, -10, 15, -4, -3, 0, 14, -5, 3, 1, 9, -3, -8, 21, -3, -11, -9, -18, 13, -27, 2, 25, -3, 2, 13, -1, 34, 40, 21, 23, 56, 70, -13, 0, 30, 28, 31, 44, -6, 26, -12, -3, -3, -3, -20, -22, -14, -7, -15, 15, 1, 5, 7, -8, 4, -6, 9, 11, 9, 4, -10, 10, -6, -25, -24, -12, -8, -14, -3, -10, 13, 12, 18, 6, 5, 4, 1, 0, 1, -1, 
2, 0, 0, -1, -2, 0, 1, -2, 1, -2, -1, 1, 2, -3, 10, 26, 1, -30, -26, 4, 16, 5, -2, 1, -2, 4, 5, -16, -2, 12, 10, 8, -33, -2, 12, 29, -6, -11, 1, 1, 31, 31, 42, 9, -6, 4, -27, -20, 8, 60, 38, 23, -6, -8, -12, 24, 10, -20, 7, 12, -1, -4, 6, -10, -22, -17, 24, 11, 2, -1, -7, -17, 13, -7, -8, 6, -8, 9, 22, -10, -7, -2, -5, 5, -26, -28, 60, 50, -5, -8, 5, -2, -3, 1, 0, 1, -1, 
-2, 2, 0, 0, -1, 1, 2, 1, -2, 0, 2, -2, -1, 2, 1, 20, 16, -5, -42, 18, 1, 7, -18, -1, 3, 11, -5, -10, -4, -2, -7, 1, -8, 10, 21, 18, -31, -18, -15, 8, 21, -29, -62, -58, -52, -50, -31, -60, -40, 2, -41, -49, -20, 2, -5, -4, 26, 45, 13, 21, 5, -10, 18, 22, -5, -10, -1, 10, 13, 1, 7, 9, -18, 5, -4, 6, -3, 10, -5, -11, -3, -1, 0, -1, -29, -6, 41, 26, 12, -4, -1, 4, 2, 0, 0, 1, -2, 
1, -2, 2, 1, 0, -2, 0, -2, 1, 2, -2, 1, 2, 0, 2, 10, 39, 4, -48, 8, -2, 9, -12, -4, 7, 5, 1, 0, -6, 2, 2, 21, 10, -35, 11, 15, 19, -21, -28, -54, -66, -42, -2, 7, 12, 13, -4, -14, -43, -44, -44, -42, -38, -43, -39, -49, -56, -20, 24, 7, 4, -32, -12, 23, 4, -24, -8, 14, -6, 2, -2, -7, -2, 9, 1, 0, 7, -4, -1, -9, -2, -2, 1, 0, -36, 0, 31, 10, 6, 3, -2, 0, -2, 1, 0, -1, 2, 
3, 1, 0, -2, 2, -1, 1, 0, -2, 0, 2, -2, 1, -1, 2, 13, 19, -9, -46, 8, 15, 8, 2, 0, 13, 8, -12, -2, -16, 12, 9, 4, 28, 5, -19, 5, -5, 31, 44, 31, 17, 23, -9, -2, 18, 16, 16, 41, 20, -2, 31, 29, 28, 10, 24, 10, -14, -51, -61, -41, -35, -10, -7, -21, 19, -15, -2, 21, 7, -3, -6, -8, 16, 1, 0, -2, -3, 3, -9, -7, 2, 1, 0, 0, -19, -39, 35, 13, 7, 1, 2, 0, -2, 1, -1, 3, -1, 
2, -1, -2, 1, -2, 0, 2, 0, 0, -2, 1, 3, -2, 2, 6, 15, 28, -23, -31, -12, 12, 5, -17, 9, 2, 12, 2, -13, -5, 5, -8, 15, -7, -8, -4, 6, 2, 1, 7, 15, 22, 30, 38, 34, 35, 31, 40, 50, 47, 50, 46, 43, 30, 23, 11, 29, 20, 25, 26, 21, 8, 11, 17, 24, -2, 5, 18, -3, 5, -12, -21, 6, 4, 5, 1, 3, 9, 11, -13, -3, 2, 0, -2, 1, -2, -53, 16, 48, 16, 2, 1, -1, 2, 0, -1, 2, -1, 
1, 2, 0, 2, -1, 1, -2, 2, 0, 1, -4, -3, 4, 4, 16, 33, 29, -35, -13, -22, 24, -5, 7, -12, 11, 11, 10, 2, 0, -12, -2, 10, 14, -21, -20, 12, 25, -1, 1, -16, -25, -1, 10, 4, 18, 8, 13, -14, 13, 11, -2, 14, 23, 23, 22, 30, 16, 23, 14, -14, -1, 31, 4, 13, -10, 1, 21, 7, -8, -18, -4, 20, -16, 3, 0, 3, 6, -11, -5, -1, -3, 0, 2, 2, 2, -29, -50, 26, 25, 11, 5, -1, 2, 0, -2, 2, -2, 
-1, 0, -2, 0, 1, 2, 0, -2, 2, 2, -2, 2, 3, 2, 9, 15, -15, -27, -5, -15, -13, 27, 0, -4, -2, -5, -6, 24, -15, 4, 6, 12, 0, -13, 3, 8, -5, 0, 8, 0, -22, 3, -37, -23, -42, -37, -34, -64, -37, -36, -42, -43, -11, -5, -9, 4, -23, -9, -7, 13, -18, 11, 16, -16, 4, -12, 9, 7, -8, 15, -2, 3, 7, 11, -4, 7, -16, -7, 0, -4, 2, -1, -3, -4, 4, -4, -44, -32, 16, -1, 2, 4, -2, 0, 2, 0, 0, 
0, 2, 0, -2, -1, -1, 2, 1, -1, -1, -1, -1, 4, 2, 4, 6, -32, -14, -1, -4, -9, -12, 6, 4, -20, 12, 18, -10, 1, 7, 0, 0, 6, 15, -1, 24, -10, -6, -3, 23, 12, -24, -25, -17, -39, 1, -16, -15, 16, -27, -21, 17, -26, -31, -22, -26, -19, -5, -10, -4, -1, -8, -10, -6, -1, 16, 21, 3, 7, -2, -12, 5, 15, -10, 1, -5, -2, -6, -2, 4, -3, 0, -2, -14, 3, 27, -36, -21, 47, 0, -1, 3, 0, 0, 1, -1, 3, 
3, -2, 2, -1, 1, 2, -1, -2, 1, -1, 3, 5, 7, 6, -4, 1, -15, -12, -2, -8, 12, -22, -13, -2, 6, 2, -11, 6, 8, -1, -6, -8, 13, -3, -20, -25, -4, -9, 15, -1, 20, 5, -4, 8, -4, 6, 11, -17, -34, 1, 6, -8, -19, -23, -11, -12, -10, 9, 7, 11, 18, 13, 14, -1, -7, 15, -6, -11, -10, 2, 4, -10, -3, -4, -1, -4, 3, -5, 2, 0, 0, 3, 3, -11, -29, 7, 4, -19, 22, 12, -2, -1, 1, 0, 1, -1, 1, 
-1, 2, -2, 2, -2, -1, 2, 0, 2, 1, 0, 7, 5, -5, 20, 17, 7, -5, -8, -10, 5, 11, -31, -7, 1, 3, 33, -9, -1, 1, 6, 0, -20, 1, -3, -10, -19, 1, 4, -7, 0, -4, 7, 8, 12, 2, -16, 6, 12, -2, -2, -23, 13, 10, 6, 15, 19, -8, 7, 7, -8, -22, -5, 6, -22, -10, -3, 14, 6, 2, 17, -2, 4, 5, -21, 2, -1, -9, 1, -2, -7, -5, 6, 19, -14, -34, -29, -13, 5, 13, 13, 1, 0, 0, 1, -1, 1, 
2, -2, 1, -2, 1, 2, -1, -2, 1, -1, 1, 2, 2, 8, 36, 0, -20, -7, -6, -10, 0, 21, 17, -35, -16, -11, -2, 0, 25, -13, 18, -20, 30, 0, 10, 10, 13, -5, -9, 5, 9, 9, 18, 4, -3, -9, 11, 27, 25, -4, 0, -1, 4, 20, 5, 20, -11, 0, 14, -6, 1, -7, 5, 15, 16, 14, 4, 2, -8, 1, 7, 11, 1, -18, -10, 15, -2, -8, -2, -10, -12, -15, -30, 13, 29, 27, -22, -16, 16, 2, 6, 7, 2, 0, 1, -1, 1, 
3, 0, 2, 1, -2, -1, 2, 1, -1, 2, 3, 5, 0, 3, 19, -19, -19, -1, -3, -14, 8, 4, 14, 7, -37, -24, -6, 24, 8, -10, -15, 18, 11, 0, 4, 0, -7, 15, 9, -8, 18, 17, -11, 7, -5, 19, 28, 4, 4, 27, -6, 7, 14, 11, -6, 10, 22, -10, -5, -14, 2, -18, 11, -9, 3, -16, 10, -2, 10, -14, 8, -7, -17, -19, 4, 24, -8, -4, -21, 1, 5, -34, -39, -25, -26, 7, 12, -3, -8, -5, -1, -2, -1, 3, 2, -1, 1, 
3, -1, 1, -2, 1, 2, -1, -1, -2, -1, 3, 11, -3, -6, -25, -33, -4, -12, -22, -29, -7, 19, 10, 16, 18, -13, -43, -4, -1, 18, -6, -12, 6, 1, -21, -9, 29, 5, -13, 0, 10, -21, 12, 7, -14, 7, 3, -17, 19, -41, 15, 11, 3, -13, 22, 8, 4, 6, 5, 18, -27, 22, 8, 9, -8, 4, 12, -4, -2, 2, -2, -17, -18, 10, 24, -5, -17, -39, -39, 50, -16, -41, 25, 25, -25, -47, -6, 11, -2, -1, 0, -6, -3, 1, -1, 0, 0, 
0, 0, 0, 2, -2, -1, 1, -1, -2, 0, 2, 13, 18, -25, -40, -8, -28, -33, -5, -4, -6, 2, -6, 13, 6, 11, 6, -48, -6, 5, 6, -9, -8, 12, 26, 25, -35, 3, 8, 10, -16, 1, 2, 25, 20, 15, -6, 5, -5, 1, 13, 14, -22, -1, 9, 1, -16, -6, 1, 0, -8, 17, 2, 6, 5, 4, 6, -3, 3, -12, -23, -12, 7, 15, 10, -14, -3, -20, 0, 52, -19, 16, 35, 26, 12, 0, 8, 11, 1, 2, 4, 5, 2, -1, -1, -2, 4, 
1, 0, 0, -1, 0, 0, 0, 3, 1, 1, -1, 4, 11, 10, 43, -10, -64, 12, 61, 37, -6, -1, -2, 3, 15, -12, 24, 5, -39, -17, -5, -7, 10, 15, 8, -11, -1, 11, -15, -23, 12, 5, 17, -32, 10, -20, 19, 17, -11, -11, 13, 11, 6, 14, 6, 22, 4, 7, -7, -2, -17, -14, 10, 9, -7, -19, -4, -1, -16, -13, -1, 5, 6, 7, 11, -28, 8, 55, 36, 21, 17, 11, 13, 14, 10, 20, 2, 2, 10, 3, -1, -1, -2, 2, 1, 1, 1, 
1, -1, -2, 2, 0, 1, 2, -2, 3, -3, 3, -2, 4, 17, 25, -63, -12, 60, 48, 18, -13, -3, 11, -2, 12, 18, -8, 5, 3, -23, -35, 4, -12, -7, 6, 10, 20, -5, -9, -12, 18, 4, 9, -18, -5, 4, -38, 14, 6, -16, -18, 10, 15, 3, 0, -7, -22, -9, 22, 9, 10, 6, 3, -12, -3, 13, -7, -21, -14, -8, 13, 21, -2, -9, 5, -8, -41, -30, 81, 55, 11, 1, 2, 2, 2, 5, 5, 3, -1, 3, 0, 1, 1, 0, 0, 0, 1, 
-1, 2, 0, -2, 3, -2, -1, 2, 0, 2, -1, 4, 2, 0, 22, -38, 19, 77, 11, -56, -25, 9, 3, -7, -2, 17, 8, 14, 3, 7, -5, -28, -23, -20, 6, 18, 4, -13, 8, 11, 10, -40, 22, -4, 19, 22, -25, 6, 14, 23, -5, -5, -13, 14, 5, -36, -8, -1, 10, 14, -11, 4, 13, -13, -14, -11, -22, -5, 8, -12, 8, 6, 3, -6, -2, -5, -4, -47, -49, 55, 52, 8, 1, 0, 0, -2, 2, 1, 0, -2, 0, 0, 0, 0, 0, -1, -1, 
1, -2, 1, 0, -1, 0, 1, -1, 0, -5, -2, -2, 1, 8, 25, -13, 8, 39, -45, -42, -6, 12, 2, 1, -1, -17, -5, -4, 5, 4, 11, 3, -16, -23, -5, -5, 21, 12, 1, 11, -6, 21, 13, -8, 6, 13, 3, 30, 13, 21, -31, 18, 9, 28, -3, 0, 22, 14, -5, 0, 9, 0, -9, -15, -17, -15, 2, -6, 5, 10, 7, 3, -1, -5, 5, -5, -8, 1, -46, -69, 45, 55, 5, 0, 0, 0, -1, -2, 2, -1, 0, 0, 0, 0, -1, 2, 1, 
2, -2, 1, 0, 0, 0, 1, 0, 0, 0, 1, 3, -1, 1, 8, 36, 50, -38, -34, -16, -8, 12, 2, 5, 4, -3, 17, 22, -4, 8, 12, 4, -4, -25, -28, -18, -1, 19, 5, -1, -17, 13, 8, 18, 2, 1, -9, 23, -7, -8, 18, -2, 16, 11, -1, 11, -5, -5, 0, 10, 17, -19, -30, -11, 6, 6, 14, 4, 5, 15, -9, 15, -3, -4, 12, -3, -10, 4, 3, -39, -70, 47, 48, 4, 0, 0, 0, 0, -2, 0, 0, 0, 0, -1, -2, 1, 0, 
0, 2, -1, -1, 0, 0, 2, 1, 0, -1, 2, -1, 1, 0, 22, 61, -21, -47, 1, -14, -9, 12, 3, 10, -6, -6, 10, -6, 10, 4, -4, -5, 19, 25, -18, -35, -33, 0, 5, -3, 1, 3, 7, -10, -12, 8, -15, -18, 16, 0, 23, -6, 0, -5, -8, 14, -4, 4, 22, -15, -24, -29, -7, 2, 11, -7, 6, 3, -4, 3, 7, -1, 0, 1, 7, -4, -11, -2, 4, 8, -41, -68, 47, 49, 2, 0, 0, 0, -1, 0, 0, 0, -1, 2, 1, 0, -1, 
3, -1, 2, 3, -1, 1, -1, -2, 2, 1, -1, -2, -2, 9, 58, -1, -62, -1, 3, -19, -5, 7, 4, -1, 10, 4, -3, -8, 6, 4, 9, -4, -3, 5, 20, -2, -19, -40, -18, -1, -13, -8, 1, 6, 5, 2, 13, 17, -6, 15, -17, -4, 15, 8, -5, -11, 10, 4, -25, -33, -18, 5, 11, 4, -21, 4, 10, 1, 8, 3, -7, 10, 0, 0, 8, -1, -10, -1, 0, 0, 7, -41, -58, 54, 37, 1, 0, 0, -1, 0, 0, 0, -1, 1, 0, -2, 2, 
1, -1, 2, -2, 0, 2, 1, 0, -1, -2, 1, -1, 0, 42, 30, -66, -14, 10, 4, -19, -4, 7, 4, 6, -6, 1, 2, -5, -6, 4, 5, -7, 7, -1, 2, 1, 20, 9, -29, -25, -15, -11, -2, -15, -16, -21, -11, 1, -12, -24, -8, -1, -10, -17, -10, -14, -19, -39, -20, 6, 15, 11, -2, 7, 5, 6, 2, -14, 14, 6, 2, 2, 1, 4, 1, 4, -8, -2, 1, -1, 0, 1, -49, -48, 64, 27, -1, 0, -1, 0, 0, 0, -2, 1, -1, 2, 0, 
2, -2, 2, -2, 1, -1, -2, 1, 0, -1, 2, -3, 25, 60, -43, -38, 4, 0, 5, -19, -4, 7, 0, 5, 11, 2, -4, 4, -5, -7, 5, 8, -7, 8, 10, 3, 8, 31, 2, -2, -18, -26, -25, -23, -4, 4, 6, -17, 2, -3, 0, -11, -18, -20, -21, -25, -13, 19, 7, 14, -5, -15, 12, 4, 6, -5, -5, 5, -6, -2, 8, -4, -8, -4, 4, 7, -13, -3, 4, -6, 3, 4, 0, -63, -22, 65, 18, -1, -1, 0, 0, -1, 2, 0, -2, 1, -2, 
0, 2, 0, 3, 0, 0, -2, 2, 1, 0, -3, 12, 59, -5, -58, -1, -4, 3, 5, -20, 1, 6, 6, 4, -2, -1, 10, 0, 2, 3, 1, 1, 9, -2, 10, 12, -4, -22, 9, 18, 7, 29, -6, -14, -11, -23, -36, -24, -34, -25, -29, -22, -24, -5, 28, -2, 16, -8, -1, -8, 3, -1, -7, -8, 10, -2, 13, 5, 15, -7, -9, -2, -9, -5, 2, 7, -17, 0, 8, -5, -5, 1, 4, -6, -76, 8, 58, 5, -2, 0, 0, -1, 1, -1, 2, -1, 2, 
-1, 1, 1, -2, 1, -1, 4, -2, -2, 1, 0, 45, 32, -67, -15, 0, -2, 7, 2, -20, 5, 3, -1, 5, -2, -3, 2, 8, 1, 2, 0, -1, -7, -3, -7, -5, -12, 20, -8, -18, 10, 5, 10, 6, 9, 20, -17, 19, 28, 13, 11, 12, 15, 4, -1, -1, 4, -5, -1, 14, 11, 2, 2, 4, -4, 9, 2, -16, -6, 11, 2, 2, 1, 4, 7, 6, -16, -4, 5, 7, -8, -1, 3, 6, -20, -67, 44, 39, 3, -1, 0, -1, 1, -1, 1, -2, -1, 
3, 0, 1, -1, 2, 0, 0, 0, -1, 0, 32, 54, -51, -32, 1, -2, 1, 7, 10, -20, -3, 10, -2, -12, -7, 0, 4, 2, 5, 5, 2, 3, -10, -18, 5, 0, 2, -9, 4, 0, -20, -3, 10, 9, 12, 3, 17, 3, -4, 4, 3, -1, 14, -4, -9, 17, 6, -10, -6, -3, 0, 6, -3, 5, -14, -1, 14, 7, -6, 0, 8, 1, 1, -2, 1, 4, -20, 1, 3, 5, -5, -6, 3, 0, 5, -43, -48, 62, 22, -2, 0, -1, 2, -1, 0, 1, 2, 
1, 0, 1, 0, -2, 3, -4, 1, -1, 14, 61, -21, -54, -1, -2, -1, -1, -2, 10, -16, -11, 13, 9, 2, 0, -2, -3, -1, 0, 7, -5, 5, 17, 8, -1, 1, 4, 2, 6, 1, 0, 6, -3, 9, -1, 0, 14, 7, -2, 16, -2, 5, 8, -4, -4, -11, -12, 9, -8, -18, 10, -5, 4, 9, 2, 2, -1, 1, 8, 2, -1, -3, 1, -2, 7, 1, -10, 1, -2, 8, 2, -4, -6, -3, 2, 1, -66, -1, 63, 13, -2, -1, -3, 0, 0, 0, 0, 
-1, 0, 2, 0, 0, -2, 3, 0, 3, 44, 18, -70, -12, 5, 0, -1, -5, 1, 8, 1, -31, 20, 10, -1, 0, -3, -7, 3, 3, 0, 2, 2, 7, 6, -2, -4, 2, 0, -5, 11, 12, 7, 6, -2, -3, 2, 7, 1, -2, 8, -1, 3, -10, -2, -1, -2, 14, 10, 10, 14, 7, 3, 1, 5, -3, 3, 8, 2, -2, -1, 5, 3, -2, 2, 6, -10, -7, 2, 4, 7, 5, -7, 1, 3, -3, 5, -16, -72, 40, 72, 36, 12, 4, -1, -1, 0, 0, 
3, -1, -2, 2, 1, 1, -2, 1, 22, 53, -50, -35, 4, 3, -3, -2, 2, -5, 0, 17, -30, 0, 16, 3, 0, 0, 4, -6, -1, 3, 2, -1, -8, 5, 8, 3, -7, -5, -2, -7, 1, 3, 9, -3, -8, 3, 0, 8, 5, -8, 2, 15, 4, 5, 11, 10, -2, -2, 2, -1, -8, -2, 3, 3, 4, 4, 2, -3, -1, -1, -4, 1, 1, 13, 2, -17, -4, 2, 2, 0, 7, -8, -2, 5, 4, -1, 1, -26, -53, -5, 38, 63, 53, 36, 24, 6, 0, 
1, 4, -1, -1, -1, -2, 0, 9, 61, 3, -60, -2, 5, 1, -1, -2, -4, -4, 10, 6, -9, -20, 20, 2, -2, 2, 3, 7, 3, 0, -2, 4, 3, -4, -1, 2, 9, 3, -7, -4, -3, -5, -11, -5, 2, -4, 3, -2, 2, 0, -6, -11, 6, -2, -5, -6, 0, -3, -8, -3, 6, 3, 4, 5, -2, -3, 1, 2, 1, 1, 3, 1, 7, 11, 3, -21, -4, 4, 4, 3, 7, -6, -10, -1, 6, 2, 4, 0, -17, -53, -61, -39, -4, 28, 46, 59, 49, 
3, 0, 1, 1, 0, -1, 17, 62, 53, -52, -22, 0, 0, 8, 0, -3, -5, 3, 11, 4, -4, -29, 8, 16, 3, -1, -1, 0, 2, -3, 1, -3, -2, 4, 6, 2, 1, 5, 8, -7, 5, -2, 0, -6, 1, 0, 7, 7, 1, -4, 0, -3, -3, -6, -3, -7, -7, -1, 5, 8, 5, 1, -2, 1, -3, -3, -5, 1, 0, -5, 4, -1, 4, 6, 2, -16, -11, 0, 6, -1, 6, -3, 1, -9, -4, -1, 1, 4, 0, 0, -12, -31, -51, -62, -57, -32, 16, 
0, -1, -1, -2, 9, 42, 65, 3, -56, -30, -1, 0, 0, 2, 1, -3, -3, 0, 2, 0, 7, -22, -19, 22, 14, 0, -5, 3, 0, 5, 0, 7, 6, -4, -4, -9, 2, -2, 5, 5, 8, 3, 5, 3, -11, -9, 1, -4, -8, -8, -6, -10, 1, 1, -3, 4, 12, 6, 3, -2, 1, -2, -3, -2, 5, 1, 4, 0, 1, 0, 1, 0, -2, 6, -2, -16, -11, 3, 7, -2, 5, 7, 5, -12, 0, 3, -1, 1, 1, 0, 1, 1, 1, -3, -19, -38, -59,
